user_id,order_time,category,quantity,amount,year,month,weekday,weekday_name
U0215,2024-11-26 18:23:00,美妆个护,4,411.44,2024,11,2,周二
U0131,2024-05-29 12:01:00,家居日用,6,63.72,2024,5,3,周三
U0277,2024-06-09 19:57:00,图书文具,9,818.19,2024,6,7,周日
U0059,2024-06-18 19:59:00,图书文具,3,353.49,2024,6,2,周二
U0244,2024-11-15 16:02:00,美妆个护,3,1243.74,2024,11,5,周五
U0167,2024-09-30 11:24:00,家居日用,2,628.96,2024,9,1,周一
U0053,2024-12-05 19:46:00,家居日用,7,3443.3,2024,12,4,周四
U0264,2024-02-04 21:16:00,家居日用,2,1066.78,2024,2,7,周日
U0002,2024-02-23 17:03:00,图书文具,2,467.32,2024,2,5,周五
U0162,2024-07-20 21:35:00,图书文具,8,1386.24,2024,7,6,周六
U0252,2024-07-08 15:20:00,美妆个护,2,666.04,2024,7,1,周一
U0280,2024-08-04 19:59:00,家居日用,9,2196.54,2024,8,7,周日
U0065,2024-12-10 14:08:00,食品饮料,8,48.64,2024,12,2,周二
U0139,2024-03-21 15:34:00,服装鞋帽,1,920.76,2024,3,4,周四
U0231,2024-02-10 19:06:00,食品饮料,8,741.12,2024,2,6,周六
U0033,2024-02-17 14:22:00,图书文具,8,1611.6,2024,2,6,周六
U0172,2024-12-25 13:26:00,服装鞋帽,1,592.9,2024,12,3,周三
U0131,2024-09-13 12:25:00,图书文具,7,118.51,2024,9,5,周五
U0207,2024-01-15 17:41:00,家居日用,3,104.49,2024,1,1,周一
U0231,2024-08-28 11:31:00,家居日用,5,1034.7,2024,8,3,周三
U0237,2024-05-22 18:28:00,家居日用,7,1672.3,2024,5,3,周三
U0086,2024-10-10 09:41:00,美妆个护,9,730.71,2024,10,4,周四
U0284,2024-01-28 19:43:00,家居日用,10,1064.5,2024,1,7,周日
U0231,2024-07-08 08:00:00,食品饮料,9,1480.59,2024,7,1,周一
U0233,2024-09-15 14:05:00,服装鞋帽,9,6684.3,2024,9,7,周日
U0225,2024-11-02 17:43:00,服装鞋帽,6,2109.48,2024,11,6,周六
U0233,2024-06-28 08:48:00,数码电子,4,5088.16,2024,6,5,周五
U0295,2024-04-22 12:48:00,食品饮料,1,195.44,2024,4,1,周一
U0220,2024-02-23 14:36:00,食品饮料,1,51.71,2024,2,5,周五
U0130,2024-02-22 19:25:00,图书文具,7,1422.96,2024,2,4,周四
U0203,2024-07-02 18:16:00,图书文具,8,1149.92,2024,7,2,周二
U0098,2024-07-16 13:10:00,食品饮料,9,607.95,2024,7,2,周二
U0259,2024-05-27 19:58:00,家居日用,3,1715.43,2024,5,1,周一
U0147,2024-05-27 14:51:00,食品饮料,1,82.53,2024,5,1,周一
U0039,2024-12-03 15:00:00,服装鞋帽,9,1771.29,2024,12,2,周二
U0151,2024-10-24 10:06:00,家居日用,10,7859.1,2024,10,4,周四
U0060,2024-01-02 08:47:00,图书文具,5,1353.1,2024,1,2,周二
U0009,2024-08-20 10:18:00,服装鞋帽,4,5336.08,2024,8,2,周二
U0120,2024-06-09 15:51:00,服装鞋帽,1,267.59,2024,6,7,周日
U0104,2024-12-05 21:34:00,图书文具,9,1806.57,2024,12,4,周四
U0194,2024-11-05 10:15:00,美妆个护,9,1098.36,2024,11,2,周二
U0068,2024-10-15 21:20:00,家居日用,8,4185.68,2024,10,2,周二
U0135,2024-07-13 08:32:00,家居日用,3,1538.1,2024,7,6,周六
U0022,2024-08-25 21:37:00,图书文具,3,804.45,2024,8,7,周日
U0283,2024-01-27 09:20:00,图书文具,1,175.19,2024,1,6,周六
U0147,2024-01-04 10:48:00,食品饮料,5,886.4,2024,1,4,周四
U0233,2024-02-06 15:28:00,食品饮料,5,583.0,2024,2,2,周二
U0188,2024-04-25 22:20:00,食品饮料,3,114.15,2024,4,4,周四
U0281,2024-08-10 13:57:00,服装鞋帽,8,1068.08,2024,8,6,周六
U0273,2024-04-13 08:08:00,服装鞋帽,6,3350.7,2024,4,6,周六
U0170,2024-09-03 17:34:00,数码电子,9,27692.91,2024,9,2,周二
U0036,2024-06-21 11:00:00,图书文具,3,314.13,2024,6,5,周五
U0092,2024-12-19 09:31:00,图书文具,3,427.05,2024,12,4,周四
U0063,2024-07-08 20:21:00,数码电子,10,2009.8,2024,7,1,周一
U0180,2024-06-18 13:14:00,图书文具,5,795.3,2024,6,2,周二
U0053,2024-02-29 19:43:00,美妆个护,7,486.5,2024,2,4,周四
U0047,2024-12-20 14:39:00,家居日用,2,835.76,2024,12,5,周五
U0158,2024-05-26 08:55:00,服装鞋帽,10,1453.3,2024,5,7,周日
U0229,2024-04-26 21:22:00,食品饮料,5,81.75,2024,4,5,周五
U0122,2024-01-01 22:33:00,图书文具,6,1294.86,2024,1,1,周一
U0237,2024-09-28 20:38:00,美妆个护,6,2660.52,2024,9,6,周六
U0076,2024-06-02 10:36:00,图书文具,9,952.65,2024,6,7,周日
U0220,2024-03-09 22:48:00,图书文具,4,226.88,2024,3,6,周六
U0218,2024-12-06 14:35:00,食品饮料,5,413.55,2024,12,5,周五
U0010,2024-09-02 12:35:00,数码电子,4,7617.32,2024,9,1,周一
U0250,2024-05-26 17:31:00,食品饮料,8,1067.6,2024,5,7,周日
U0004,2024-01-16 15:15:00,数码电子,1,4342.63,2024,1,2,周二
U0160,2024-12-05 15:11:00,数码电子,3,9702.84,2024,12,4,周四
U0179,2024-04-10 19:02:00,食品饮料,1,132.04,2024,4,3,周三
U0043,2024-02-13 20:12:00,家居日用,2,81.56,2024,2,2,周二
U0242,2024-02-04 14:16:00,数码电子,8,15661.68,2024,2,7,周日
U0090,2024-04-24 16:06:00,家居日用,10,5604.2,2024,4,3,周三
U0075,2024-08-04 12:56:00,家居日用,10,3445.4,2024,8,7,周日
U0192,2024-08-14 08:34:00,家居日用,2,415.02,2024,8,3,周三
U0096,2024-05-31 14:31:00,美妆个护,1,414.31,2024,5,5,周五
U0279,2024-08-04 10:40:00,图书文具,1,162.63,2024,8,7,周日
U0084,2024-08-04 13:12:00,服装鞋帽,3,1806.39,2024,8,7,周日
U0233,2024-03-16 16:06:00,家居日用,4,1852.08,2024,3,6,周六
U0144,2024-03-09 10:11:00,食品饮料,4,544.56,2024,3,6,周六
U0053,2024-05-30 16:38:00,美妆个护,5,1533.8,2024,5,4,周四
U0223,2024-05-01 12:34:00,美妆个护,2,1163.64,2024,5,3,周三
U0009,2024-03-14 17:43:00,食品饮料,6,128.4,2024,3,4,周四
U0141,2024-06-16 17:08:00,数码电子,10,7756.9,2024,6,7,周日
U0029,2024-06-13 13:18:00,美妆个护,1,530.61,2024,6,4,周四
U0145,2024-11-22 16:44:00,家居日用,4,1229.0,2024,11,5,周五
U0275,2024-12-29 13:38:00,服装鞋帽,10,13623.4,2024,12,7,周日
U0039,2024-05-05 10:44:00,美妆个护,2,583.64,2024,5,7,周日
U0058,2024-05-27 19:07:00,美妆个护,9,4064.76,2024,5,1,周一
U0190,2024-07-09 19:48:00,食品饮料,8,864.24,2024,7,2,周二
U0117,2024-05-13 17:43:00,美妆个护,5,225.85,2024,5,1,周一
U0213,2024-07-21 19:36:00,家居日用,3,1678.11,2024,7,7,周日
U0047,2024-08-20 08:13:00,食品饮料,5,704.5,2024,8,2,周二
U0259,2024-05-23 14:56:00,服装鞋帽,10,14271.0,2024,5,4,周四
U0156,2024-01-08 17:27:00,家居日用,10,3167.3,2024,1,1,周一
U0178,2024-01-28 19:36:00,食品饮料,4,789.24,2024,1,7,周日
U0145,2024-07-19 08:52:00,家居日用,3,1979.4,2024,7,5,周五
U0082,2024-09-12 12:46:00,食品饮料,2,42.28,2024,9,4,周四
U0286,2024-08-29 18:44:00,美妆个护,7,1809.71,2024,8,4,周四
U0217,2024-12-07 18:26:00,食品饮料,1,96.4,2024,12,6,周六
U0099,2024-11-06 13:27:00,食品饮料,5,999.7,2024,11,3,周三
U0259,2024-01-23 12:52:00,美妆个护,10,5128.0,2024,1,2,周二
U0145,2024-03-25 21:08:00,图书文具,1,286.45,2024,3,1,周一
U0205,2024-09-16 21:00:00,食品饮料,8,1004.32,2024,9,1,周一
U0095,2024-03-12 14:25:00,数码电子,2,4814.48,2024,3,2,周二
U0259,2024-11-01 19:00:00,图书文具,5,155.4,2024,11,5,周五
U0251,2024-11-08 08:47:00,美妆个护,5,1954.15,2024,11,5,周五
U0075,2024-04-12 13:59:00,数码电子,6,18360.18,2024,4,5,周五
U0286,2024-11-30 18:50:00,数码电子,4,11039.44,2024,11,6,周六
U0030,2024-09-03 17:50:00,食品饮料,5,801.55,2024,9,2,周二
U0138,2024-07-02 08:09:00,食品饮料,4,378.12,2024,7,2,周二
U0034,2024-09-18 12:01:00,美妆个护,3,994.83,2024,9,3,周三
U0151,2024-07-01 22:10:00,图书文具,8,464.96,2024,7,1,周一
U0184,2024-10-07 10:31:00,服装鞋帽,2,1829.7,2024,10,1,周一
U0051,2024-10-03 12:17:00,家居日用,10,1498.4,2024,10,4,周四
U0001,2024-05-12 16:11:00,数码电子,2,1374.6,2024,5,7,周日
U0218,2024-10-27 18:08:00,数码电子,9,21885.03,2024,10,7,周日
U0214,2024-08-26 15:29:00,服装鞋帽,1,437.01,2024,8,1,周一
U0257,2024-01-08 08:34:00,美妆个护,4,565.68,2024,1,1,周一
U0127,2024-02-25 13:13:00,数码电子,7,18758.39,2024,2,7,周日
U0154,2024-01-14 18:55:00,服装鞋帽,7,7280.91,2024,1,7,周日
U0238,2024-12-28 22:59:00,美妆个护,2,559.0,2024,12,6,周六
U0227,2024-01-15 16:54:00,美妆个护,10,3471.0,2024,1,1,周一
U0273,2024-08-18 13:25:00,图书文具,9,2409.39,2024,8,7,周日
U0212,2024-01-25 11:09:00,服装鞋帽,9,6864.39,2024,1,4,周四
U0111,2024-08-15 22:21:00,数码电子,8,23626.8,2024,8,4,周四
U0236,2024-03-23 17:40:00,美妆个护,6,3250.8,2024,3,6,周六
U0226,2024-11-10 20:05:00,美妆个护,9,1418.31,2024,11,7,周日
U0150,2024-10-03 13:05:00,家居日用,8,5747.52,2024,10,4,周四
U0247,2024-08-30 22:39:00,美妆个护,4,2393.64,2024,8,5,周五
U0006,2024-11-17 11:27:00,服装鞋帽,4,151.16,2024,11,7,周日
U0118,2024-04-03 15:37:00,服装鞋帽,9,9775.17,2024,4,3,周三
U0203,2024-01-26 10:44:00,家居日用,5,788.8,2024,1,5,周五
U0118,2024-11-19 10:19:00,食品饮料,4,209.08,2024,11,2,周二
U0047,2024-01-01 17:13:00,图书文具,5,771.5,2024,1,1,周一
U0259,2024-06-09 13:49:00,数码电子,5,1818.55,2024,6,7,周日
U0172,2024-01-13 15:01:00,家居日用,1,119.67,2024,1,6,周六
U0273,2024-09-21 18:14:00,图书文具,7,1675.24,2024,9,6,周六
U0095,2024-10-31 12:59:00,家居日用,2,216.38,2024,10,4,周四
U0137,2024-03-16 10:34:00,食品饮料,8,1165.68,2024,3,6,周六
U0060,2024-11-15 20:07:00,服装鞋帽,9,10199.16,2024,11,5,周五
U0286,2024-10-17 12:36:00,美妆个护,3,1217.43,2024,10,4,周四
U0062,2024-05-11 16:44:00,数码电子,9,30876.84,2024,5,6,周六
U0295,2024-04-13 21:31:00,服装鞋帽,6,4940.88,2024,4,6,周六
U0063,2024-05-22 08:24:00,食品饮料,1,81.34,2024,5,3,周三
U0104,2024-04-13 10:38:00,服装鞋帽,6,8469.3,2024,4,6,周六
U0179,2024-02-11 11:14:00,美妆个护,1,329.41,2024,2,7,周日
U0231,2024-06-05 13:56:00,食品饮料,5,784.1,2024,6,3,周三
U0118,2024-10-20 20:30:00,家居日用,8,3897.04,2024,10,7,周日
U0015,2024-06-05 15:04:00,美妆个护,4,1755.64,2024,6,3,周三
U0130,2024-04-04 10:50:00,家居日用,4,2303.12,2024,4,4,周四
U0283,2024-03-09 11:10:00,图书文具,10,1060.4,2024,3,6,周六
U0134,2024-07-18 14:46:00,数码电子,10,29518.4,2024,7,4,周四
U0210,2024-04-20 15:59:00,服装鞋帽,4,5522.24,2024,4,6,周六
U0133,2024-10-19 15:41:00,食品饮料,10,184.4,2024,10,6,周六
U0051,2024-01-29 21:39:00,食品饮料,6,1095.48,2024,1,1,周一
U0257,2024-10-28 12:20:00,数码电子,4,2668.32,2024,10,1,周一
U0001,2024-11-14 13:54:00,服装鞋帽,8,7388.8,2024,11,4,周四
U0137,2024-07-20 11:56:00,美妆个护,10,2134.3,2024,7,6,周六
U0063,2024-08-31 16:25:00,服装鞋帽,6,3234.78,2024,8,6,周六
U0210,2024-12-12 08:42:00,服装鞋帽,3,1184.67,2024,12,4,周四
U0025,2024-06-28 13:52:00,食品饮料,1,157.2,2024,6,5,周五
U0150,2024-06-02 19:49:00,美妆个护,1,123.26,2024,6,7,周日
U0084,2024-12-26 08:19:00,图书文具,6,181.08,2024,12,4,周四
U0189,2024-12-25 08:06:00,食品饮料,7,617.54,2024,12,3,周三
U0211,2024-11-13 21:28:00,食品饮料,8,956.4,2024,11,3,周三
U0257,2024-03-18 10:46:00,数码电子,2,5391.12,2024,3,1,周一
U0113,2024-04-23 21:37:00,服装鞋帽,4,1189.72,2024,4,2,周二
U0055,2024-12-24 10:31:00,数码电子,10,44922.8,2024,12,2,周二
U0162,2024-03-27 14:27:00,数码电子,7,23181.69,2024,3,3,周三
U0247,2024-11-18 15:22:00,服装鞋帽,8,1464.32,2024,11,1,周一
U0239,2024-08-16 10:50:00,食品饮料,8,195.12,2024,8,5,周五
U0096,2024-03-28 21:31:00,图书文具,4,1134.4,2024,3,4,周四
U0182,2024-08-10 14:47:00,数码电子,7,22291.78,2024,8,6,周六
U0161,2024-05-30 12:18:00,美妆个护,3,1074.48,2024,5,4,周四
U0188,2024-03-22 09:00:00,美妆个护,4,859.2,2024,3,5,周五
U0195,2024-04-28 19:19:00,美妆个护,5,1287.3,2024,4,7,周日
U0222,2024-08-13 12:43:00,服装鞋帽,4,5850.32,2024,8,2,周二
U0280,2024-03-21 17:29:00,服装鞋帽,7,8440.53,2024,3,4,周四
U0209,2024-04-24 08:13:00,食品饮料,8,1130.16,2024,4,3,周三
U0281,2024-12-24 16:53:00,图书文具,4,176.08,2024,12,2,周二
U0029,2024-04-18 09:22:00,美妆个护,6,3301.74,2024,4,4,周四
U0042,2024-12-21 16:37:00,数码电子,1,2055.98,2024,12,6,周六
U0076,2024-03-27 12:41:00,图书文具,5,413.95,2024,3,3,周三
U0287,2024-05-13 18:39:00,数码电子,9,22469.94,2024,5,1,周一
U0173,2024-07-08 17:45:00,数码电子,6,22219.62,2024,7,1,周一
U0181,2024-10-18 10:25:00,美妆个护,5,2527.55,2024,10,5,周五
U0011,2024-06-12 08:58:00,服装鞋帽,6,4378.74,2024,6,3,周三
U0111,2024-05-31 13:21:00,美妆个护,8,1157.36,2024,5,5,周五
U0036,2024-08-26 11:18:00,服装鞋帽,4,422.4,2024,8,1,周一
U0201,2024-06-02 09:52:00,食品饮料,9,661.95,2024,6,7,周日
U0129,2024-08-04 20:42:00,数码电子,9,11427.21,2024,8,7,周日
U0131,2024-08-16 19:43:00,服装鞋帽,6,5385.84,2024,8,5,周五
U0275,2024-04-10 19:58:00,服装鞋帽,1,231.12,2024,4,3,周三
U0057,2024-11-06 08:46:00,家居日用,8,4873.04,2024,11,3,周三
U0149,2024-03-21 14:36:00,图书文具,6,1765.62,2024,3,4,周四
U0089,2024-09-24 22:58:00,数码电子,9,42507.81,2024,9,2,周二
U0086,2024-09-06 14:13:00,美妆个护,7,1347.22,2024,9,5,周五
U0176,2024-11-23 09:58:00,美妆个护,2,904.28,2024,11,6,周六
U0103,2024-09-29 21:30:00,服装鞋帽,2,2661.9,2024,9,7,周日
U0171,2024-07-01 14:43:00,食品饮料,4,636.76,2024,7,1,周一
U0210,2024-06-09 20:41:00,家居日用,2,58.56,2024,6,7,周日
U0170,2024-02-03 21:58:00,美妆个护,2,1129.32,2024,2,6,周六
U0227,2024-02-08 21:51:00,美妆个护,1,253.12,2024,2,4,周四
U0245,2024-08-23 16:15:00,家居日用,9,5552.46,2024,8,5,周五
U0065,2024-06-25 10:44:00,图书文具,8,717.92,2024,6,2,周二
U0146,2024-10-19 16:47:00,食品饮料,5,988.05,2024,10,6,周六
U0073,2024-10-31 16:23:00,家居日用,10,6404.1,2024,10,4,周四
U0198,2024-10-21 15:45:00,服装鞋帽,2,551.08,2024,10,1,周一
U0052,2024-09-16 18:07:00,家居日用,6,2940.66,2024,9,1,周一
U0107,2024-08-13 16:25:00,食品饮料,1,191.67,2024,8,2,周二
U0262,2024-01-05 12:53:00,食品饮料,9,1673.19,2024,1,5,周五
U0241,2024-03-01 18:41:00,服装鞋帽,2,1504.08,2024,3,5,周五
U0145,2024-08-03 10:31:00,服装鞋帽,6,5674.32,2024,8,6,周六
U0089,2024-11-24 11:13:00,美妆个护,2,570.62,2024,11,7,周日
U0123,2024-01-29 16:02:00,食品饮料,2,346.22,2024,1,1,周一
U0009,2024-02-09 16:04:00,服装鞋帽,2,1260.86,2024,2,5,周五
U0038,2024-11-23 18:04:00,数码电子,2,902.36,2024,11,6,周六
U0176,2024-10-10 12:12:00,食品饮料,2,203.1,2024,10,4,周四
U0224,2024-11-13 20:50:00,数码电子,3,5314.98,2024,11,3,周三
U0040,2024-12-12 20:44:00,食品饮料,6,639.9,2024,12,4,周四
U0168,2024-04-01 08:58:00,服装鞋帽,9,4688.91,2024,4,1,周一
U0045,2024-12-10 12:41:00,家居日用,6,956.94,2024,12,2,周二
U0133,2024-08-22 20:57:00,食品饮料,3,529.26,2024,8,4,周四
U0160,2024-12-28 12:29:00,数码电子,4,11212.4,2024,12,6,周六
U0077,2024-01-12 14:01:00,美妆个护,1,344.71,2024,1,5,周五
U0223,2024-12-19 19:23:00,美妆个护,3,283.5,2024,12,4,周四
U0074,2024-08-20 09:27:00,家居日用,5,454.9,2024,8,2,周二
U0196,2024-12-17 11:49:00,家居日用,1,619.08,2024,12,2,周二
U0193,2024-01-22 17:55:00,服装鞋帽,2,2622.32,2024,1,1,周一
U0192,2024-06-23 20:11:00,家居日用,3,1438.71,2024,6,7,周日
U0007,2024-01-29 18:32:00,图书文具,3,238.47,2024,1,1,周一
U0026,2024-08-13 20:03:00,食品饮料,3,279.06,2024,8,2,周二
U0039,2024-09-27 14:28:00,美妆个护,4,2028.68,2024,9,5,周五
U0175,2024-03-24 13:10:00,服装鞋帽,3,4283.31,2024,3,7,周日
U0236,2024-04-01 20:20:00,美妆个护,4,1002.4,2024,4,1,周一
U0257,2024-02-27 19:37:00,数码电子,3,612.33,2024,2,2,周二
U0281,2024-10-06 19:17:00,家居日用,8,1086.4,2024,10,7,周日
U0145,2024-04-02 12:07:00,服装鞋帽,2,2297.42,2024,4,2,周二
U0181,2024-01-24 19:57:00,服装鞋帽,4,4803.64,2024,1,3,周三
U0153,2024-08-09 21:06:00,食品饮料,4,355.64,2024,8,5,周五
U0166,2024-11-14 13:53:00,美妆个护,5,1811.75,2024,11,4,周四
U0072,2024-03-04 20:16:00,美妆个护,2,829.32,2024,3,1,周一
U0095,2024-06-14 18:44:00,食品饮料,1,190.77,2024,6,5,周五
U0267,2024-08-01 10:23:00,食品饮料,1,25.04,2024,8,4,周四
U0046,2024-06-08 22:15:00,图书文具,6,402.3,2024,6,6,周六
U0289,2024-08-20 20:29:00,食品饮料,4,299.08,2024,8,2,周二
U0103,2024-07-12 13:38:00,数码电子,10,40129.0,2024,7,5,周五
U0106,2024-10-31 15:10:00,美妆个护,3,1619.43,2024,10,4,周四
U0009,2024-09-18 16:38:00,食品饮料,2,374.72,2024,9,3,周三
U0178,2024-12-13 21:19:00,图书文具,7,1399.58,2024,12,5,周五
U0208,2024-11-09 13:25:00,服装鞋帽,9,2439.72,2024,11,6,周六
U0014,2024-01-12 14:11:00,美妆个护,9,4730.67,2024,1,5,周五
U0122,2024-05-26 14:45:00,家居日用,8,5590.0,2024,5,7,周日
U0183,2024-10-14 10:43:00,数码电子,6,21660.3,2024,10,1,周一
U0150,2024-02-06 15:40:00,服装鞋帽,3,449.52,2024,2,2,周二
U0243,2024-02-04 20:28:00,图书文具,1,252.93,2024,2,7,周日
U0213,2024-06-07 17:23:00,家居日用,5,1416.45,2024,6,5,周五
U0020,2024-05-31 09:48:00,服装鞋帽,9,6072.84,2024,5,5,周五
U0117,2024-12-19 11:01:00,数码电子,4,8550.08,2024,12,4,周四
U0243,2024-07-04 13:11:00,服装鞋帽,2,1916.78,2024,7,4,周四
U0225,2024-12-20 17:07:00,家居日用,7,3567.97,2024,12,5,周五
U0014,2024-11-29 09:54:00,美妆个护,5,300.5,2024,11,5,周五
U0041,2024-11-13 13:59:00,美妆个护,8,2848.48,2024,11,3,周三
U0084,2024-05-09 14:05:00,食品饮料,9,1746.36,2024,5,4,周四
U0066,2024-06-11 12:04:00,食品饮料,8,974.0,2024,6,2,周二
U0164,2024-10-27 14:46:00,服装鞋帽,10,1380.4,2024,10,7,周日
U0270,2024-03-20 17:28:00,数码电子,9,19646.01,2024,3,3,周三
U0276,2024-09-20 18:11:00,食品饮料,9,338.13,2024,9,5,周五
U0284,2024-04-30 18:36:00,美妆个护,5,2367.2,2024,4,2,周二
U0120,2024-02-13 15:27:00,图书文具,4,338.32,2024,2,2,周二
U0130,2024-10-19 11:25:00,美妆个护,1,90.82,2024,10,6,周六
U0198,2024-09-01 18:04:00,食品饮料,1,119.01,2024,9,7,周日
U0012,2024-10-02 12:49:00,服装鞋帽,2,1010.0,2024,10,3,周三
U0285,2024-07-03 14:30:00,服装鞋帽,2,1067.4,2024,7,3,周三
U0294,2024-12-05 14:44:00,家居日用,2,338.92,2024,12,4,周四
U0008,2024-12-06 08:54:00,美妆个护,6,3141.12,2024,12,5,周五
U0086,2024-06-23 09:00:00,数码电子,10,1367.0,2024,6,7,周日
U0145,2024-01-26 15:46:00,食品饮料,8,1280.96,2024,1,5,周五
U0289,2024-01-01 10:30:00,图书文具,5,1008.8,2024,1,1,周一
U0090,2024-08-07 09:49:00,图书文具,9,2345.4,2024,8,3,周三
U0089,2024-06-24 20:08:00,美妆个护,9,749.52,2024,6,1,周一
U0098,2024-04-11 21:03:00,图书文具,3,729.93,2024,4,4,周四
U0082,2024-10-05 10:44:00,服装鞋帽,1,206.71,2024,10,6,周六
U0089,2024-07-31 22:00:00,家居日用,10,3229.8,2024,7,3,周三
U0093,2024-10-31 08:34:00,家居日用,6,406.92,2024,10,4,周四
U0110,2024-11-25 09:45:00,食品饮料,3,332.28,2024,11,1,周一
U0117,2024-08-08 17:24:00,家居日用,5,1625.35,2024,8,4,周四
U0293,2024-10-26 11:14:00,服装鞋帽,7,8575.63,2024,10,6,周六
U0021,2024-04-16 14:15:00,美妆个护,9,3597.48,2024,4,2,周二
U0051,2024-09-27 11:20:00,美妆个护,6,797.04,2024,9,5,周五
U0052,2024-01-27 20:46:00,家居日用,3,1406.82,2024,1,6,周六
U0106,2024-06-06 09:01:00,食品饮料,4,662.08,2024,6,4,周四
U0263,2024-12-16 19:09:00,美妆个护,7,1338.82,2024,12,1,周一
U0241,2024-10-24 15:35:00,家居日用,4,315.04,2024,10,4,周四
U0172,2024-06-21 17:46:00,服装鞋帽,7,6774.88,2024,6,5,周五
U0277,2024-08-01 19:08:00,数码电子,9,29256.3,2024,8,4,周四
U0121,2024-05-04 17:07:00,食品饮料,10,548.5,2024,5,6,周六
U0068,2024-02-19 15:18:00,家居日用,7,3761.52,2024,2,1,周一
U0146,2024-06-12 17:32:00,数码电子,5,4408.35,2024,6,3,周三
U0108,2024-08-13 08:54:00,美妆个护,1,123.5,2024,8,2,周二
U0293,2024-05-22 10:27:00,服装鞋帽,10,4076.2,2024,5,3,周三
U0077,2024-09-10 16:01:00,服装鞋帽,7,7363.02,2024,9,2,周二
U0042,2024-05-04 14:40:00,食品饮料,7,500.57,2024,5,6,周六
U0019,2024-03-08 17:37:00,数码电子,7,27121.36,2024,3,5,周五
U0036,2024-08-19 12:32:00,家居日用,3,980.82,2024,8,1,周一
U0070,2024-07-14 20:48:00,家居日用,2,1077.98,2024,7,7,周日
U0027,2024-06-08 12:07:00,图书文具,8,1576.08,2024,6,6,周六
U0300,2024-02-27 10:21:00,图书文具,2,596.54,2024,2,2,周二
U0258,2024-04-11 08:34:00,数码电子,7,16469.39,2024,4,4,周四
U0264,2024-05-29 19:57:00,家居日用,5,742.45,2024,5,3,周三
U0287,2024-10-29 16:54:00,数码电子,9,37061.46,2024,10,2,周二
U0012,2024-05-24 19:07:00,家居日用,3,2227.41,2024,5,5,周五
U0237,2024-10-05 19:50:00,图书文具,5,1112.35,2024,10,6,周六
U0248,2024-12-29 08:56:00,图书文具,5,162.05,2024,12,7,周日
U0231,2024-10-14 08:52:00,家居日用,6,815.1,2024,10,1,周一
U0142,2024-10-18 08:22:00,数码电子,2,3871.0,2024,10,5,周五
U0258,2024-09-05 16:00:00,服装鞋帽,3,1840.68,2024,9,4,周四
U0154,2024-07-14 09:54:00,图书文具,3,710.85,2024,7,7,周日
U0143,2024-12-07 19:36:00,家居日用,10,4059.1,2024,12,6,周六
U0049,2024-02-11 13:17:00,美妆个护,3,1233.3,2024,2,7,周日
U0158,2024-05-13 10:15:00,家居日用,9,2383.2,2024,5,1,周一
U0163,2024-03-06 18:01:00,服装鞋帽,2,2874.52,2024,3,3,周三
U0256,2024-09-22 16:01:00,食品饮料,6,397.08,2024,9,7,周日
U0095,2024-09-26 08:45:00,图书文具,4,613.04,2024,9,4,周四
U0025,2024-05-20 12:33:00,美妆个护,2,627.08,2024,5,1,周一
U0079,2024-03-08 20:59:00,家居日用,4,1428.84,2024,3,5,周五
U0160,2024-12-14 18:01:00,家居日用,7,910.7,2024,12,6,周六
U0005,2024-09-22 16:01:00,图书文具,2,44.1,2024,9,7,周日
U0056,2024-03-23 16:34:00,美妆个护,9,4265.64,2024,3,6,周六
U0263,2024-03-20 19:32:00,家居日用,4,3189.56,2024,3,3,周三
U0273,2024-04-10 14:59:00,家居日用,4,2112.08,2024,4,3,周三
U0231,2024-06-26 22:36:00,家居日用,3,901.59,2024,6,3,周三
U0092,2024-01-14 14:36:00,美妆个护,6,3474.12,2024,1,7,周日
U0183,2024-03-02 18:20:00,图书文具,6,489.84,2024,3,6,周六
U0138,2024-11-09 15:38:00,美妆个护,1,207.63,2024,11,6,周六
U0242,2024-07-31 12:17:00,美妆个护,4,941.68,2024,7,3,周三
U0188,2024-07-09 12:51:00,美妆个护,10,937.8,2024,7,2,周二
U0034,2024-02-21 19:17:00,服装鞋帽,9,8394.3,2024,2,3,周三
U0042,2024-01-21 17:12:00,食品饮料,9,224.28,2024,1,7,周日
U0120,2024-05-08 09:59:00,美妆个护,1,507.71,2024,5,3,周三
U0232,2024-10-03 19:10:00,数码电子,8,35846.64,2024,10,4,周四
U0200,2024-03-19 08:59:00,美妆个护,3,243.9,2024,3,2,周二
U0087,2024-04-10 15:12:00,食品饮料,7,1012.76,2024,4,3,周三
U0109,2024-05-31 08:04:00,家居日用,5,1581.0,2024,5,5,周五
U0228,2024-05-18 11:14:00,服装鞋帽,7,8275.75,2024,5,6,周六
U0051,2024-09-17 12:29:00,图书文具,8,665.52,2024,9,2,周二
U0038,2024-04-20 19:16:00,食品饮料,9,715.32,2024,4,6,周六
U0049,2024-10-18 21:03:00,图书文具,9,1754.55,2024,10,5,周五
U0119,2024-07-08 22:49:00,数码电子,5,3349.55,2024,7,1,周一
U0258,2024-09-25 12:31:00,家居日用,2,222.4,2024,9,3,周三
U0271,2024-09-29 15:17:00,食品饮料,9,704.88,2024,9,7,周日
U0124,2024-04-23 13:51:00,图书文具,4,163.36,2024,4,2,周二
U0288,2024-06-22 08:55:00,美妆个护,3,1228.32,2024,6,6,周六
U0222,2024-04-28 14:48:00,家居日用,9,3957.93,2024,4,7,周日
U0149,2024-05-28 21:07:00,图书文具,8,1356.4,2024,5,2,周二
U0151,2024-08-23 18:21:00,图书文具,9,2533.77,2024,8,5,周五
U0285,2024-09-25 09:01:00,美妆个护,5,2205.35,2024,9,3,周三
U0283,2024-02-19 22:14:00,服装鞋帽,7,8860.81,2024,2,1,周一
U0278,2024-06-19 12:32:00,服装鞋帽,6,5163.48,2024,6,3,周三
U0030,2024-10-21 19:46:00,食品饮料,5,181.05,2024,10,1,周一
U0186,2024-05-23 15:00:00,家居日用,5,3531.75,2024,5,4,周四
U0104,2024-08-11 17:33:00,服装鞋帽,9,7613.73,2024,8,7,周日
U0231,2024-08-06 18:01:00,食品饮料,9,1017.63,2024,8,2,周二
U0086,2024-08-21 17:57:00,图书文具,1,8.25,2024,8,3,周三
U0121,2024-01-20 18:15:00,服装鞋帽,7,5049.59,2024,1,6,周六
U0211,2024-04-10 17:03:00,美妆个护,4,1755.2,2024,4,3,周三
U0024,2024-08-14 17:36:00,图书文具,5,27.75,2024,8,3,周三
U0202,2024-02-07 21:03:00,家居日用,9,2846.34,2024,2,3,周三
U0273,2024-04-28 14:03:00,美妆个护,3,172.86,2024,4,7,周日
U0186,2024-02-24 11:03:00,图书文具,8,1636.48,2024,2,6,周六
U0082,2024-06-07 19:59:00,服装鞋帽,1,965.64,2024,6,5,周五
U0211,2024-05-31 20:11:00,图书文具,10,2137.7,2024,5,5,周五
U0192,2024-01-19 20:35:00,图书文具,7,1553.79,2024,1,5,周五
U0146,2024-11-14 11:48:00,服装鞋帽,9,12615.12,2024,11,4,周四
U0161,2024-07-16 11:19:00,服装鞋帽,6,8921.76,2024,7,2,周二
U0124,2024-03-15 14:08:00,数码电子,5,4815.8,2024,3,5,周五
U0061,2024-05-17 09:02:00,美妆个护,1,359.77,2024,5,5,周五
U0118,2024-07-16 08:58:00,美妆个护,3,1696.77,2024,7,2,周二
U0035,2024-10-28 17:50:00,美妆个护,5,1494.65,2024,10,1,周一
U0074,2024-07-10 12:35:00,图书文具,10,287.8,2024,7,3,周三
U0231,2024-10-21 09:34:00,食品饮料,8,1178.0,2024,10,1,周一
U0297,2024-06-30 21:59:00,家居日用,9,5432.31,2024,6,7,周日
U0152,2024-02-05 12:29:00,家居日用,10,2329.3,2024,2,1,周一
U0220,2024-06-11 14:27:00,图书文具,8,2340.64,2024,6,2,周二
U0182,2024-04-15 16:12:00,图书文具,9,1339.47,2024,4,1,周一
U0184,2024-04-16 11:17:00,数码电子,9,15860.79,2024,4,2,周二
U0178,2024-01-07 13:14:00,数码电子,8,22113.52,2024,1,7,周日
U0143,2024-07-17 12:41:00,数码电子,8,10702.24,2024,7,3,周三
U0165,2024-11-09 12:17:00,美妆个护,3,1321.77,2024,11,6,周六
U0161,2024-06-26 12:03:00,数码电子,9,38344.95,2024,6,3,周三
U0289,2024-03-21 15:33:00,家居日用,10,4386.1,2024,3,4,周四
U0086,2024-06-25 08:33:00,图书文具,6,1529.04,2024,6,2,周二
U0005,2024-01-02 13:47:00,食品饮料,2,48.04,2024,1,2,周二
U0144,2024-05-04 14:21:00,家居日用,8,5053.68,2024,5,6,周六
U0294,2024-02-28 17:34:00,服装鞋帽,1,326.0,2024,2,3,周三
U0277,2024-01-20 17:03:00,图书文具,4,632.88,2024,1,6,周六
U0232,2024-07-31 22:21:00,家居日用,9,4072.86,2024,7,3,周三
U0284,2024-01-26 08:01:00,食品饮料,8,763.76,2024,1,5,周五
U0044,2024-04-06 17:51:00,服装鞋帽,6,3460.44,2024,4,6,周六
U0279,2024-03-29 18:49:00,服装鞋帽,3,2035.14,2024,3,5,周五
U0267,2024-09-24 17:07:00,家居日用,9,4196.7,2024,9,2,周二
U0085,2024-03-12 14:08:00,图书文具,8,1267.68,2024,3,2,周二
U0268,2024-09-19 10:44:00,服装鞋帽,2,556.44,2024,9,4,周四
U0220,2024-05-08 14:07:00,美妆个护,5,1376.95,2024,5,3,周三
U0246,2024-10-01 16:11:00,服装鞋帽,7,10161.76,2024,10,2,周二
U0063,2024-04-18 14:52:00,美妆个护,2,232.5,2024,4,4,周四
U0102,2024-08-10 18:54:00,服装鞋帽,5,4264.2,2024,8,6,周六
U0196,2024-10-07 11:33:00,数码电子,5,24343.05,2024,10,1,周一
U0265,2024-05-13 10:59:00,家居日用,9,3439.98,2024,5,1,周一
U0213,2024-08-03 09:21:00,服装鞋帽,10,3891.8,2024,8,6,周六
U0156,2024-09-04 17:32:00,美妆个护,3,307.02,2024,9,3,周三
U0041,2024-11-02 22:17:00,数码电子,9,19851.75,2024,11,6,周六
U0150,2024-09-29 12:43:00,服装鞋帽,3,227.22,2024,9,7,周日
U0272,2024-03-06 10:39:00,家居日用,7,994.21,2024,3,3,周三
U0148,2024-05-03 08:07:00,服装鞋帽,4,5214.36,2024,5,5,周五
U0294,2024-05-22 22:20:00,服装鞋帽,9,4291.2,2024,5,3,周三
U0142,2024-02-08 16:34:00,家居日用,2,1048.22,2024,2,4,周四
U0134,2024-09-07 18:22:00,服装鞋帽,2,1374.34,2024,9,6,周六
U0038,2024-05-21 11:52:00,图书文具,3,380.28,2024,5,2,周二
U0084,2024-10-07 15:23:00,图书文具,10,2900.4,2024,10,1,周一
U0150,2024-03-23 21:50:00,服装鞋帽,10,10579.9,2024,3,6,周六
U0284,2024-06-21 14:13:00,食品饮料,7,762.09,2024,6,5,周五
U0275,2024-04-29 13:52:00,美妆个护,4,303.96,2024,4,1,周一
U0286,2024-09-21 08:55:00,家居日用,9,5952.42,2024,9,6,周六
U0227,2024-11-29 21:40:00,家居日用,4,2812.08,2024,11,5,周五
U0002,2024-12-26 20:45:00,图书文具,9,2670.84,2024,12,4,周四
U0255,2024-07-01 20:48:00,图书文具,3,251.97,2024,7,1,周一
U0050,2024-09-11 12:04:00,家居日用,5,2415.95,2024,9,3,周三
U0201,2024-11-19 10:16:00,数码电子,8,38250.64,2024,11,2,周二
U0008,2024-10-27 14:46:00,家居日用,6,2119.98,2024,10,7,周日
U0047,2024-01-15 16:18:00,数码电子,4,8978.92,2024,1,1,周一
U0232,2024-01-21 10:37:00,家居日用,9,5085.72,2024,1,7,周日
U0132,2024-11-06 14:27:00,家居日用,4,1255.04,2024,11,3,周三
U0067,2024-12-07 19:01:00,数码电子,7,34440.07,2024,12,6,周六
U0072,2024-03-27 13:05:00,图书文具,9,52.74,2024,3,3,周三
U0061,2024-09-24 13:25:00,服装鞋帽,8,3048.96,2024,9,2,周二
U0093,2024-04-18 08:34:00,图书文具,3,411.0,2024,4,4,周四
U0177,2024-05-20 20:37:00,食品饮料,1,47.72,2024,5,1,周一
U0043,2024-12-18 17:38:00,美妆个护,5,1758.95,2024,12,3,周三
U0106,2024-12-28 13:40:00,食品饮料,8,175.84,2024,12,6,周六
U0041,2024-01-17 15:20:00,服装鞋帽,7,6124.51,2024,1,3,周三
U0039,2024-07-10 18:45:00,服装鞋帽,1,603.11,2024,7,3,周三
U0019,2024-11-27 15:07:00,美妆个护,5,848.7,2024,11,3,周三
U0240,2024-10-27 17:38:00,家居日用,10,5799.0,2024,10,7,周日
U0153,2024-12-12 21:22:00,图书文具,7,118.72,2024,12,4,周四
U0146,2024-11-19 21:32:00,家居日用,2,165.8,2024,11,2,周二
U0239,2024-03-24 08:32:00,家居日用,10,2636.5,2024,3,7,周日
U0041,2024-09-14 22:28:00,食品饮料,10,755.7,2024,9,6,周六
U0266,2024-07-28 10:53:00,食品饮料,9,315.81,2024,7,7,周日
U0259,2024-03-24 13:26:00,美妆个护,2,654.8,2024,3,7,周日
U0296,2024-09-14 08:40:00,图书文具,3,412.23,2024,9,6,周六
U0213,2024-03-02 08:30:00,食品饮料,7,1149.82,2024,3,6,周六
U0294,2024-10-10 12:53:00,服装鞋帽,2,1247.46,2024,10,4,周四
U0073,2024-05-01 21:59:00,家居日用,2,627.1,2024,5,3,周三
U0195,2024-06-04 19:14:00,食品饮料,7,470.26,2024,6,2,周二
U0048,2024-06-08 17:58:00,食品饮料,6,855.54,2024,6,6,周六
U0167,2024-10-16 15:27:00,美妆个护,7,718.9,2024,10,3,周三
U0056,2024-11-16 08:46:00,家居日用,3,90.3,2024,11,6,周六
U0126,2024-10-31 08:37:00,美妆个护,8,1851.68,2024,10,4,周四
U0116,2024-07-22 13:00:00,家居日用,1,121.04,2024,7,1,周一
U0067,2024-03-15 20:03:00,数码电子,6,27791.4,2024,3,5,周五
U0234,2024-02-20 09:05:00,服装鞋帽,5,2275.95,2024,2,2,周二
U0122,2024-05-04 12:41:00,家居日用,5,1922.35,2024,5,6,周六
U0134,2024-07-14 09:59:00,食品饮料,1,22.2,2024,7,7,周日
U0059,2024-05-05 11:16:00,美妆个护,6,2004.12,2024,5,7,周日
U0165,2024-10-31 20:33:00,美妆个护,6,979.26,2024,10,4,周四
U0042,2024-12-19 20:50:00,数码电子,1,2561.86,2024,12,4,周四
U0021,2024-10-26 18:38:00,家居日用,3,421.62,2024,10,6,周六
U0280,2024-05-04 10:12:00,数码电子,4,8155.24,2024,5,6,周六
U0273,2024-04-08 19:17:00,图书文具,9,2149.11,2024,4,1,周一
U0275,2024-06-13 14:20:00,家居日用,5,1928.4,2024,6,4,周四
U0164,2024-05-26 22:26:00,美妆个护,2,877.68,2024,5,7,周日
U0173,2024-02-16 19:53:00,美妆个护,6,2871.0,2024,2,5,周五
U0005,2024-07-02 11:40:00,图书文具,10,2834.9,2024,7,2,周二
U0017,2024-05-26 17:47:00,家居日用,4,2768.8,2024,5,7,周日
U0183,2024-09-06 11:37:00,服装鞋帽,1,857.19,2024,9,5,周五
U0203,2024-07-10 16:50:00,数码电子,1,4334.61,2024,7,3,周三
U0219,2024-03-22 19:50:00,家居日用,7,5356.96,2024,3,5,周五
U0048,2024-11-24 15:51:00,美妆个护,1,391.32,2024,11,7,周日
U0225,2024-12-17 15:18:00,图书文具,3,411.75,2024,12,2,周二
U0013,2024-07-07 22:54:00,数码电子,6,20725.32,2024,7,7,周日
U0171,2024-11-18 13:09:00,数码电子,5,9128.2,2024,11,1,周一
U0194,2024-06-17 15:34:00,图书文具,9,2151.45,2024,6,1,周一
U0163,2024-01-19 09:07:00,数码电子,1,494.57,2024,1,5,周五
U0030,2024-05-14 10:00:00,家居日用,9,4590.0,2024,5,2,周二
U0037,2024-05-20 15:07:00,美妆个护,9,4179.15,2024,5,1,周一
U0164,2024-02-04 09:39:00,食品饮料,2,40.28,2024,2,7,周日
U0260,2024-12-23 18:34:00,服装鞋帽,2,77.9,2024,12,1,周一
U0083,2024-05-02 13:15:00,数码电子,8,4872.08,2024,5,4,周四
U0162,2024-08-21 19:15:00,图书文具,2,53.02,2024,8,3,周三
U0013,2024-07-02 22:30:00,家居日用,2,463.98,2024,7,2,周二
U0215,2024-04-29 21:54:00,服装鞋帽,6,3015.6,2024,4,1,周一
U0053,2024-10-21 08:16:00,食品饮料,5,57.85,2024,10,1,周一
U0053,2024-10-01 16:24:00,图书文具,1,217.34,2024,10,2,周二
U0032,2024-03-14 17:35:00,图书文具,4,771.76,2024,3,4,周四
U0014,2024-06-26 19:45:00,家居日用,5,3225.65,2024,6,3,周三
U0022,2024-01-30 22:03:00,美妆个护,7,3065.86,2024,1,2,周二
U0012,2024-04-28 22:13:00,数码电子,2,8255.4,2024,4,7,周日
U0127,2024-03-15 16:11:00,食品饮料,9,45.27,2024,3,5,周五
U0154,2024-09-30 13:37:00,食品饮料,7,831.18,2024,9,1,周一
U0264,2024-11-20 19:56:00,美妆个护,9,2060.46,2024,11,3,周三
U0147,2024-05-16 18:33:00,家居日用,4,2533.04,2024,5,4,周四
U0141,2024-03-23 08:05:00,家居日用,3,241.62,2024,3,6,周六
U0186,2024-08-05 20:32:00,家居日用,9,5094.45,2024,8,1,周一
U0175,2024-01-23 12:20:00,服装鞋帽,5,7250.45,2024,1,2,周二
U0011,2024-09-29 11:46:00,食品饮料,9,229.95,2024,9,7,周日
U0211,2024-05-19 12:41:00,食品饮料,5,511.1,2024,5,7,周日
U0028,2024-02-10 10:46:00,数码电子,3,5641.74,2024,2,6,周六
U0013,2024-07-28 12:12:00,家居日用,2,354.96,2024,7,7,周日
U0166,2024-11-05 15:21:00,食品饮料,4,548.68,2024,11,2,周二
U0173,2024-08-24 09:08:00,家居日用,2,1184.62,2024,8,6,周六
U0149,2024-01-28 15:53:00,图书文具,1,267.61,2024,1,7,周日
U0252,2024-08-22 10:12:00,食品饮料,1,26.74,2024,8,4,周四
U0138,2024-02-22 19:46:00,美妆个护,10,285.2,2024,2,4,周四
U0165,2024-04-11 15:01:00,图书文具,1,41.69,2024,4,4,周四
U0138,2024-06-11 16:02:00,图书文具,1,272.29,2024,6,2,周二
U0024,2024-01-29 18:24:00,家居日用,10,4200.4,2024,1,1,周一
U0230,2024-11-16 11:54:00,家居日用,1,421.82,2024,11,6,周六
U0186,2024-10-09 13:52:00,数码电子,9,5805.27,2024,10,3,周三
U0134,2024-08-11 12:24:00,食品饮料,7,742.0,2024,8,7,周日
U0244,2024-11-08 21:11:00,服装鞋帽,5,4901.45,2024,11,5,周五
U0135,2024-08-15 22:50:00,食品饮料,8,1261.76,2024,8,4,周四
U0217,2024-02-14 13:58:00,家居日用,8,495.2,2024,2,3,周三
U0157,2024-04-07 09:27:00,美妆个护,7,2866.85,2024,4,7,周日
U0004,2024-03-30 15:08:00,美妆个护,8,4759.76,2024,3,6,周六
U0143,2024-10-14 19:21:00,食品饮料,1,48.95,2024,10,1,周一
U0199,2024-12-27 16:25:00,食品饮料,10,664.5,2024,12,5,周五
U0267,2024-06-29 15:39:00,家居日用,1,282.7,2024,6,6,周六
U0052,2024-04-11 15:53:00,家居日用,9,6418.89,2024,4,4,周四
U0174,2024-08-29 17:48:00,数码电子,5,12558.5,2024,8,4,周四
U0248,2024-02-23 08:49:00,图书文具,2,152.72,2024,2,5,周五
U0061,2024-05-01 12:45:00,美妆个护,6,1075.98,2024,5,3,周三
U0086,2024-07-28 21:09:00,图书文具,3,161.7,2024,7,7,周日
U0093,2024-01-08 19:44:00,服装鞋帽,1,231.39,2024,1,1,周一
U0050,2024-01-11 22:27:00,家居日用,6,576.18,2024,1,4,周四
U0068,2024-12-20 19:47:00,服装鞋帽,10,7981.3,2024,12,5,周五
U0139,2024-12-22 16:17:00,服装鞋帽,7,962.01,2024,12,7,周日
U0154,2024-09-16 19:50:00,美妆个护,2,850.04,2024,9,1,周一
U0299,2024-09-01 09:33:00,美妆个护,10,2966.0,2024,9,7,周日
U0094,2024-11-16 18:38:00,食品饮料,4,460.76,2024,11,6,周六
U0093,2024-03-26 19:08:00,美妆个护,10,4749.6,2024,3,2,周二
U0156,2024-09-11 18:20:00,数码电子,8,33982.48,2024,9,3,周三
U0091,2024-10-04 12:26:00,食品饮料,3,538.38,2024,10,5,周五
U0173,2024-01-10 11:08:00,图书文具,8,2376.64,2024,1,3,周三
U0034,2024-05-08 16:28:00,食品饮料,3,244.59,2024,5,3,周三
U0117,2024-04-03 10:34:00,食品饮料,7,822.78,2024,4,3,周三
U0206,2024-01-17 09:44:00,家居日用,4,1853.32,2024,1,3,周三
U0082,2024-11-19 08:49:00,食品饮料,10,1760.8,2024,11,2,周二
U0116,2024-12-08 17:58:00,服装鞋帽,9,785.07,2024,12,7,周日
U0193,2024-10-04 09:55:00,美妆个护,9,5141.43,2024,10,5,周五
U0197,2024-09-12 18:55:00,服装鞋帽,5,3947.75,2024,9,4,周四
U0282,2024-04-18 19:06:00,数码电子,8,16277.28,2024,4,4,周四
U0132,2024-10-05 17:19:00,数码电子,4,4248.32,2024,10,6,周六
U0041,2024-05-26 14:45:00,家居日用,9,2680.56,2024,5,7,周日
U0271,2024-07-13 22:23:00,服装鞋帽,8,800.24,2024,7,6,周六
U0164,2024-01-24 15:41:00,家居日用,3,1252.11,2024,1,3,周三
U0181,2024-09-04 11:22:00,美妆个护,5,1236.3,2024,9,3,周三
U0181,2024-11-13 16:56:00,美妆个护,9,500.13,2024,11,3,周三
U0138,2024-06-16 14:38:00,图书文具,5,473.3,2024,6,7,周日
U0003,2024-06-27 13:46:00,家居日用,6,3528.36,2024,6,4,周四
U0239,2024-06-17 12:12:00,数码电子,2,8970.8,2024,6,1,周一
U0025,2024-04-21 18:50:00,图书文具,9,1029.87,2024,4,7,周日
U0047,2024-08-15 14:15:00,图书文具,5,825.15,2024,8,4,周四
U0241,2024-09-28 18:54:00,数码电子,10,1523.2,2024,9,6,周六
U0162,2024-09-11 21:08:00,食品饮料,10,989.6,2024,9,3,周三
U0273,2024-11-19 11:46:00,食品饮料,5,571.1,2024,11,2,周二
U0241,2024-11-16 22:24:00,服装鞋帽,4,5837.84,2024,11,6,周六
U0088,2024-07-12 15:14:00,服装鞋帽,6,8303.16,2024,7,5,周五
U0167,2024-05-05 16:16:00,数码电子,9,9147.96,2024,5,7,周日
U0141,2024-03-10 13:19:00,家居日用,5,3433.3,2024,3,7,周日
U0063,2024-02-18 19:47:00,美妆个护,7,2370.2,2024,2,7,周日
U0271,2024-04-09 11:17:00,食品饮料,3,472.56,2024,4,2,周二
U0078,2024-11-09 08:13:00,数码电子,7,8491.84,2024,11,6,周六
U0168,2024-12-04 12:00:00,美妆个护,6,532.38,2024,12,3,周三
U0240,2024-11-15 21:34:00,服装鞋帽,10,12189.2,2024,11,5,周五
U0095,2024-05-30 09:55:00,图书文具,3,458.85,2024,5,4,周四
U0007,2024-07-24 15:54:00,服装鞋帽,2,2508.52,2024,7,3,周三
U0083,2024-06-27 09:51:00,家居日用,1,443.6,2024,6,4,周四
U0126,2024-02-22 18:04:00,服装鞋帽,1,1404.44,2024,2,4,周四
U0005,2024-02-26 19:13:00,美妆个护,6,980.04,2024,2,1,周一
U0033,2024-11-13 09:47:00,食品饮料,3,411.36,2024,11,3,周三
U0047,2024-06-15 11:32:00,美妆个护,4,1637.84,2024,6,6,周六
U0079,2024-08-02 21:22:00,服装鞋帽,6,5481.72,2024,8,5,周五
U0029,2024-10-06 09:09:00,食品饮料,9,65.16,2024,10,7,周日
U0062,2024-06-05 17:16:00,数码电子,6,16569.18,2024,6,3,周三
U0169,2024-03-22 17:19:00,食品饮料,1,72.57,2024,3,5,周五
U0204,2024-03-11 18:02:00,数码电子,2,4882.1,2024,3,1,周一
U0208,2024-01-02 19:23:00,数码电子,6,29065.56,2024,1,2,周二
U0295,2024-08-06 20:46:00,图书文具,4,370.8,2024,8,2,周二
U0148,2024-04-17 10:19:00,服装鞋帽,2,846.16,2024,4,3,周三
U0290,2024-11-18 13:14:00,服装鞋帽,10,6925.1,2024,11,1,周一
U0048,2024-11-21 16:58:00,家居日用,2,1388.44,2024,11,4,周四
U0065,2024-03-23 17:24:00,数码电子,5,23632.2,2024,3,6,周六
U0150,2024-02-17 12:58:00,图书文具,4,847.36,2024,2,6,周六
U0025,2024-10-10 08:48:00,美妆个护,4,2252.12,2024,10,4,周四
U0137,2024-06-12 10:00:00,数码电子,4,14569.36,2024,6,3,周三
U0046,2024-04-15 13:47:00,图书文具,1,151.92,2024,4,1,周一
U0283,2024-02-23 09:34:00,家居日用,5,3662.45,2024,2,5,周五
U0271,2024-05-11 20:58:00,食品饮料,10,1992.7,2024,5,6,周六
U0273,2024-02-12 16:40:00,数码电子,2,7169.12,2024,2,1,周一
U0168,2024-02-08 08:52:00,家居日用,1,179.38,2024,2,4,周四
U0069,2024-10-25 09:39:00,服装鞋帽,2,2214.24,2024,10,5,周五
U0161,2024-11-26 09:29:00,数码电子,2,8070.4,2024,11,2,周二
U0275,2024-06-12 18:12:00,图书文具,3,560.85,2024,6,3,周三
U0091,2024-08-25 15:50:00,图书文具,10,1311.1,2024,8,7,周日
U0107,2024-12-10 14:48:00,家居日用,1,717.32,2024,12,2,周二
U0137,2024-12-03 15:58:00,美妆个护,2,771.08,2024,12,2,周二
U0123,2024-07-06 13:57:00,家居日用,2,1045.92,2024,7,6,周六
U0037,2024-11-30 19:17:00,数码电子,6,23617.38,2024,11,6,周六
U0186,2024-07-03 20:03:00,图书文具,7,150.99,2024,7,3,周三
U0088,2024-11-19 19:14:00,食品饮料,7,1008.21,2024,11,2,周二
U0242,2024-04-30 08:37:00,图书文具,5,261.7,2024,4,2,周二
U0133,2024-07-20 19:20:00,数码电子,7,25317.6,2024,7,6,周六
U0084,2024-03-23 10:03:00,美妆个护,1,199.69,2024,3,6,周六
U0283,2024-11-07 17:22:00,食品饮料,5,748.95,2024,11,4,周四
U0052,2024-12-09 16:44:00,图书文具,7,2002.56,2024,12,1,周一
U0036,2024-04-19 17:48:00,数码电子,10,47085.5,2024,4,5,周五
U0097,2024-07-31 20:08:00,图书文具,3,748.56,2024,7,3,周三
U0039,2024-05-29 16:53:00,美妆个护,10,5329.4,2024,5,3,周三
U0076,2024-11-08 22:21:00,食品饮料,5,425.8,2024,11,5,周五
U0160,2024-02-15 11:46:00,美妆个护,1,449.56,2024,2,4,周四
U0085,2024-05-13 19:17:00,图书文具,6,988.2,2024,5,1,周一
U0209,2024-05-05 18:31:00,数码电子,3,3736.83,2024,5,7,周日
U0138,2024-04-24 11:33:00,食品饮料,10,1235.1,2024,4,3,周三
U0206,2024-06-15 14:46:00,图书文具,3,312.06,2024,6,6,周六
U0152,2024-03-12 18:08:00,食品饮料,1,110.48,2024,3,2,周二
U0175,2024-12-19 10:12:00,图书文具,1,191.27,2024,12,4,周四
U0239,2024-07-23 08:52:00,美妆个护,7,719.95,2024,7,2,周二
U0282,2024-01-17 14:12:00,美妆个护,10,5394.9,2024,1,3,周三
U0007,2024-11-09 08:38:00,美妆个护,1,30.51,2024,11,6,周六
U0017,2024-06-19 16:58:00,美妆个护,3,1035.57,2024,6,3,周三
U0117,2024-10-08 19:15:00,食品饮料,6,876.42,2024,10,2,周二
U0120,2024-11-07 08:28:00,食品饮料,6,1016.7,2024,11,4,周四
U0118,2024-08-20 14:13:00,美妆个护,3,1487.85,2024,8,2,周二
U0271,2024-05-18 12:45:00,图书文具,9,2178.36,2024,5,6,周六
U0048,2024-07-12 15:21:00,图书文具,9,2017.89,2024,7,5,周五
U0220,2024-04-25 16:48:00,美妆个护,2,475.54,2024,4,4,周四
U0045,2024-11-30 11:28:00,服装鞋帽,10,5021.1,2024,11,6,周六
U0003,2024-06-30 21:39:00,服装鞋帽,7,4012.89,2024,6,7,周日
U0060,2024-11-26 17:30:00,服装鞋帽,2,2005.36,2024,11,2,周二
U0049,2024-12-13 22:59:00,数码电子,8,22117.36,2024,12,5,周五
U0136,2024-07-19 17:57:00,美妆个护,7,2890.51,2024,7,5,周五
U0209,2024-12-20 12:18:00,家居日用,7,3733.52,2024,12,5,周五
U0220,2024-08-02 22:02:00,美妆个护,10,5356.9,2024,8,5,周五
U0245,2024-03-02 17:11:00,数码电子,6,11770.5,2024,3,6,周六
U0104,2024-02-28 16:39:00,美妆个护,2,532.82,2024,2,3,周三
U0204,2024-05-17 19:10:00,食品饮料,10,1407.5,2024,5,5,周五
U0279,2024-05-25 21:31:00,食品饮料,6,653.88,2024,5,6,周六
U0195,2024-06-14 10:29:00,美妆个护,1,326.66,2024,6,5,周五
U0156,2024-04-19 20:26:00,家居日用,7,1533.42,2024,4,5,周五
U0207,2024-10-05 14:05:00,家居日用,10,5621.7,2024,10,6,周六
U0204,2024-06-09 19:07:00,食品饮料,5,278.1,2024,6,7,周日
U0070,2024-04-05 10:14:00,美妆个护,8,4141.68,2024,4,5,周五
U0176,2024-08-04 15:45:00,服装鞋帽,8,4065.44,2024,8,7,周日
U0104,2024-03-17 13:17:00,数码电子,8,10260.72,2024,3,7,周日
U0182,2024-09-12 13:47:00,服装鞋帽,4,5430.2,2024,9,4,周四
U0287,2024-03-31 20:09:00,服装鞋帽,3,2608.83,2024,3,7,周日
U0253,2024-09-25 08:34:00,家居日用,5,3145.75,2024,9,3,周三
U0291,2024-03-26 13:30:00,图书文具,8,1512.0,2024,3,2,周二
U0183,2024-07-25 18:57:00,服装鞋帽,3,2844.54,2024,7,4,周四
U0125,2024-05-17 10:24:00,家居日用,3,1078.23,2024,5,5,周五
U0074,2024-03-01 18:24:00,家居日用,3,2088.12,2024,3,5,周五
U0139,2024-04-19 09:54:00,家居日用,5,2550.65,2024,4,5,周五
U0051,2024-05-28 19:49:00,家居日用,6,3872.94,2024,5,2,周二
U0166,2024-01-14 18:31:00,服装鞋帽,2,1125.54,2024,1,7,周日
U0182,2024-07-28 15:22:00,服装鞋帽,5,4792.6,2024,7,7,周日
U0059,2024-12-10 16:53:00,数码电子,6,4939.32,2024,12,2,周二
U0064,2024-11-22 11:00:00,家居日用,6,2217.54,2024,11,5,周五
U0209,2024-04-02 21:13:00,数码电子,4,13770.84,2024,4,2,周二
U0059,2024-02-12 22:11:00,图书文具,4,1153.88,2024,2,1,周一
U0131,2024-06-04 15:25:00,图书文具,2,347.84,2024,6,2,周二
U0230,2024-11-17 11:53:00,数码电子,8,4158.4,2024,11,7,周日
U0299,2024-05-29 11:07:00,美妆个护,8,1230.88,2024,5,3,周三
U0209,2024-05-07 11:51:00,图书文具,7,1070.72,2024,5,2,周二
U0239,2024-06-03 12:22:00,食品饮料,3,132.33,2024,6,1,周一
U0293,2024-08-21 08:46:00,食品饮料,8,1507.6,2024,8,3,周三
U0222,2024-12-31 11:59:00,美妆个护,7,1747.62,2024,12,2,周二
U0273,2024-03-04 17:29:00,美妆个护,3,1020.27,2024,3,1,周一
U0098,2024-03-11 19:57:00,数码电子,4,1293.4,2024,3,1,周一
U0216,2024-02-21 22:36:00,家居日用,3,2365.17,2024,2,3,周三
U0296,2024-03-12 15:43:00,服装鞋帽,8,2823.76,2024,3,2,周二
U0056,2024-02-29 17:38:00,家居日用,1,289.42,2024,2,4,周四
U0013,2024-02-05 12:25:00,图书文具,4,193.36,2024,2,1,周一
U0166,2024-12-09 22:55:00,图书文具,2,499.3,2024,12,1,周一
U0011,2024-10-28 21:04:00,图书文具,10,1541.3,2024,10,1,周一
U0238,2024-12-20 19:47:00,家居日用,7,525.0,2024,12,5,周五
U0247,2024-08-10 22:41:00,食品饮料,7,112.77,2024,8,6,周六
U0184,2024-08-13 16:21:00,美妆个护,9,3177.81,2024,8,2,周二
U0106,2024-09-27 22:54:00,美妆个护,1,463.79,2024,9,5,周五
U0040,2024-05-27 17:26:00,美妆个护,2,586.2,2024,5,1,周一
U0201,2024-11-27 19:37:00,服装鞋帽,7,1414.07,2024,11,3,周三
U0048,2024-01-18 14:38:00,家居日用,9,3743.46,2024,1,4,周四
U0229,2024-03-17 16:59:00,数码电子,6,7125.84,2024,3,7,周日
U0039,2024-03-12 16:12:00,服装鞋帽,6,1341.18,2024,3,2,周二
U0120,2024-08-07 12:29:00,服装鞋帽,3,896.31,2024,8,3,周三
U0226,2024-07-26 13:31:00,美妆个护,6,3495.36,2024,7,5,周五
U0072,2024-11-13 16:05:00,图书文具,3,845.91,2024,11,3,周三
U0256,2024-07-05 19:48:00,服装鞋帽,5,1437.15,2024,7,5,周五
U0127,2024-10-13 21:20:00,数码电子,4,5143.44,2024,10,7,周日
U0013,2024-02-14 22:41:00,数码电子,1,3155.28,2024,2,3,周三
U0205,2024-12-02 13:35:00,食品饮料,1,73.49,2024,12,1,周一
U0273,2024-02-27 15:49:00,服装鞋帽,7,3209.15,2024,2,2,周二
U0264,2024-11-10 17:46:00,服装鞋帽,7,276.22,2024,11,7,周日
U0156,2024-07-07 14:01:00,图书文具,2,312.62,2024,7,7,周日
U0286,2024-12-24 20:31:00,数码电子,2,1790.02,2024,12,2,周二
U0094,2024-05-28 14:16:00,服装鞋帽,4,4059.8,2024,5,2,周二
U0180,2024-07-20 19:30:00,美妆个护,7,2682.89,2024,7,6,周六
U0137,2024-06-30 22:00:00,家居日用,3,1816.35,2024,6,7,周日
U0208,2024-09-21 22:11:00,食品饮料,9,1112.58,2024,9,6,周六
U0072,2024-06-03 21:11:00,食品饮料,8,351.76,2024,6,1,周一
U0139,2024-04-12 18:30:00,食品饮料,1,51.2,2024,4,5,周五
U0221,2024-07-31 12:39:00,图书文具,6,147.12,2024,7,3,周三
U0192,2024-11-05 15:40:00,食品饮料,3,259.86,2024,11,2,周二
U0149,2024-04-24 09:39:00,服装鞋帽,7,2941.96,2024,4,3,周三
U0273,2024-01-06 10:55:00,图书文具,2,375.58,2024,1,6,周六
U0293,2024-08-31 11:21:00,数码电子,1,1444.0,2024,8,6,周六
U0058,2024-09-25 11:57:00,食品饮料,9,653.76,2024,9,3,周三
U0188,2024-03-23 17:59:00,服装鞋帽,8,3922.8,2024,3,6,周六
U0284,2024-07-28 15:32:00,家居日用,8,6014.48,2024,7,7,周日
U0137,2024-07-02 19:30:00,图书文具,9,2469.6,2024,7,2,周二
U0067,2024-09-06 15:53:00,数码电子,9,33914.97,2024,9,5,周五
U0010,2024-07-29 10:23:00,美妆个护,3,1377.27,2024,7,1,周一
U0113,2024-09-27 10:11:00,食品饮料,5,268.2,2024,9,5,周五
U0175,2024-06-10 14:30:00,数码电子,4,15197.8,2024,6,1,周一
U0132,2024-03-27 14:47:00,食品饮料,6,253.02,2024,3,3,周三
U0158,2024-05-28 16:19:00,食品饮料,4,113.52,2024,5,2,周二
U0294,2024-09-09 22:57:00,数码电子,4,14730.88,2024,9,1,周一
U0025,2024-10-03 15:56:00,数码电子,5,9039.5,2024,10,4,周四
U0112,2024-12-29 22:22:00,家居日用,2,187.24,2024,12,7,周日
U0227,2024-08-01 15:22:00,服装鞋帽,8,4938.32,2024,8,4,周四
U0180,2024-07-18 14:10:00,美妆个护,5,386.35,2024,7,4,周四
U0181,2024-11-06 12:55:00,服装鞋帽,6,2073.6,2024,11,3,周三
U0073,2024-02-28 09:00:00,家居日用,3,1591.17,2024,2,3,周三
U0108,2024-11-27 14:25:00,美妆个护,8,1535.12,2024,11,3,周三
U0220,2024-04-03 16:38:00,数码电子,5,6191.75,2024,4,3,周三
U0162,2024-09-03 22:51:00,食品饮料,1,94.3,2024,9,2,周二
U0040,2024-04-10 22:00:00,食品饮料,9,1058.76,2024,4,3,周三
U0182,2024-11-30 08:21:00,图书文具,3,325.47,2024,11,6,周六
U0008,2024-07-08 22:16:00,食品饮料,6,274.62,2024,7,1,周一
U0145,2024-06-14 08:47:00,图书文具,6,1031.28,2024,6,5,周五
U0014,2024-08-26 15:14:00,图书文具,1,86.35,2024,8,1,周一
U0163,2024-02-29 13:04:00,图书文具,10,2067.4,2024,2,4,周四
U0217,2024-01-26 22:04:00,数码电子,4,5145.48,2024,1,5,周五
U0059,2024-08-29 09:03:00,食品饮料,9,1299.42,2024,8,4,周四
U0013,2024-02-13 14:14:00,服装鞋帽,3,428.7,2024,2,2,周二
U0100,2024-06-11 17:47:00,家居日用,8,2100.24,2024,6,2,周二
U0145,2024-11-22 18:49:00,食品饮料,3,222.63,2024,11,5,周五
U0141,2024-11-09 21:36:00,图书文具,4,676.48,2024,11,6,周六
U0208,2024-08-07 21:03:00,美妆个护,10,1175.6,2024,8,3,周三
U0237,2024-07-12 22:02:00,图书文具,8,1225.76,2024,7,5,周五
U0171,2024-06-07 16:38:00,美妆个护,2,1067.98,2024,6,5,周五
U0103,2024-05-04 16:15:00,服装鞋帽,10,4927.9,2024,5,6,周六
U0197,2024-08-08 14:59:00,数码电子,7,29211.0,2024,8,4,周四
U0122,2024-04-17 11:28:00,图书文具,10,2540.4,2024,4,3,周三
U0096,2024-08-16 17:19:00,图书文具,8,132.64,2024,8,5,周五
U0106,2024-05-18 18:16:00,家居日用,4,779.12,2024,5,6,周六
U0214,2024-10-17 13:00:00,家居日用,6,3772.86,2024,10,4,周四
U0267,2024-09-07 17:02:00,食品饮料,7,662.41,2024,9,6,周六
U0018,2024-04-22 18:40:00,食品饮料,7,124.67,2024,4,1,周一
U0125,2024-06-23 12:46:00,家居日用,7,2377.06,2024,6,7,周日
U0237,2024-09-04 22:24:00,数码电子,10,4664.3,2024,9,3,周三
U0094,2024-05-06 16:24:00,图书文具,3,548.16,2024,5,1,周一
U0226,2024-09-22 10:10:00,服装鞋帽,5,6286.85,2024,9,7,周日
U0173,2024-07-27 21:01:00,家居日用,9,3073.59,2024,7,6,周六
U0054,2024-11-26 08:50:00,数码电子,3,575.49,2024,11,2,周二
U0144,2024-09-18 16:43:00,服装鞋帽,10,8948.8,2024,9,3,周三
U0246,2024-05-09 17:58:00,服装鞋帽,8,10873.92,2024,5,4,周四
U0063,2024-01-12 20:42:00,食品饮料,1,49.09,2024,1,5,周五
U0008,2024-11-20 17:15:00,家居日用,6,1659.54,2024,11,3,周三
U0076,2024-04-10 21:22:00,图书文具,10,2005.2,2024,4,3,周三
U0180,2024-05-03 20:36:00,美妆个护,3,902.85,2024,5,5,周五
U0275,2024-04-15 12:36:00,服装鞋帽,7,1793.61,2024,4,1,周一
U0148,2024-10-07 13:35:00,数码电子,6,4029.3,2024,10,1,周一
U0146,2024-12-21 21:44:00,服装鞋帽,7,8471.33,2024,12,6,周六
U0221,2024-12-21 13:51:00,家居日用,4,425.88,2024,12,6,周六
U0038,2024-03-10 11:46:00,食品饮料,4,545.0,2024,3,7,周日
U0050,2024-12-03 12:19:00,图书文具,5,146.0,2024,12,2,周二
U0300,2024-10-16 20:41:00,食品饮料,10,1034.0,2024,10,3,周三
U0068,2024-05-26 17:29:00,服装鞋帽,9,6978.69,2024,5,7,周日
U0095,2024-06-29 09:58:00,家居日用,10,3477.1,2024,6,6,周六
U0273,2024-12-17 21:38:00,美妆个护,8,3980.0,2024,12,2,周二
U0004,2024-11-22 17:46:00,数码电子,1,4455.07,2024,11,5,周五
U0047,2024-06-29 17:06:00,数码电子,10,43345.3,2024,6,6,周六
U0108,2024-01-19 17:10:00,数码电子,3,4966.29,2024,1,5,周五
U0283,2024-06-30 09:48:00,数码电子,6,13043.16,2024,6,7,周日
U0166,2024-10-10 16:31:00,美妆个护,10,4215.7,2024,10,4,周四
U0296,2024-08-12 20:55:00,食品饮料,6,285.9,2024,8,1,周一
U0246,2024-07-26 20:21:00,食品饮料,4,567.08,2024,7,5,周五
U0283,2024-02-10 09:31:00,数码电子,9,41830.65,2024,2,6,周六
U0073,2024-03-16 17:08:00,数码电子,9,11970.27,2024,3,6,周六
U0276,2024-02-08 19:01:00,食品饮料,3,335.67,2024,2,4,周四
U0159,2024-02-26 21:01:00,美妆个护,5,1772.95,2024,2,1,周一
U0125,2024-12-24 15:20:00,数码电子,5,15122.55,2024,12,2,周二
U0162,2024-05-07 17:11:00,图书文具,8,2049.76,2024,5,2,周二
U0173,2024-01-22 21:15:00,美妆个护,4,1484.72,2024,1,1,周一
U0096,2024-06-12 11:17:00,图书文具,3,239.46,2024,6,3,周三
U0123,2024-07-05 12:03:00,美妆个护,8,752.88,2024,7,5,周五
U0231,2024-07-24 13:11:00,食品饮料,7,794.71,2024,7,3,周三
U0199,2024-02-15 22:43:00,食品饮料,9,853.47,2024,2,4,周四
U0044,2024-04-07 12:44:00,服装鞋帽,4,3912.04,2024,4,7,周日
U0256,2024-07-24 22:42:00,食品饮料,5,719.35,2024,7,3,周三
U0273,2024-03-23 21:53:00,图书文具,7,1718.57,2024,3,6,周六
U0251,2024-07-30 10:04:00,食品饮料,6,980.34,2024,7,2,周二
U0095,2024-10-04 09:44:00,美妆个护,9,2215.26,2024,10,5,周五
U0129,2024-07-30 19:22:00,服装鞋帽,7,10369.66,2024,7,2,周二
U0054,2024-08-05 10:19:00,图书文具,3,734.04,2024,8,1,周一
U0058,2024-04-20 08:16:00,数码电子,4,13707.4,2024,4,6,周六
U0029,2024-04-21 10:32:00,服装鞋帽,3,3029.79,2024,4,7,周日
U0204,2024-07-30 20:19:00,食品饮料,7,1226.47,2024,7,2,周二
U0275,2024-04-11 18:44:00,服装鞋帽,9,4034.52,2024,4,4,周四
U0052,2024-04-20 12:44:00,图书文具,3,215.04,2024,4,6,周六
U0200,2024-10-24 17:47:00,服装鞋帽,10,4681.7,2024,10,4,周四
U0077,2024-05-16 11:55:00,服装鞋帽,7,10247.65,2024,5,4,周四
U0207,2024-09-23 17:41:00,服装鞋帽,6,4794.72,2024,9,1,周一
U0275,2024-08-17 08:41:00,家居日用,1,781.86,2024,8,6,周六
U0052,2024-09-19 18:38:00,美妆个护,4,520.64,2024,9,4,周四
U0154,2024-12-23 21:11:00,服装鞋帽,3,4109.01,2024,12,1,周一
U0046,2024-11-04 15:15:00,食品饮料,9,1507.23,2024,11,1,周一
U0054,2024-04-25 13:03:00,服装鞋帽,1,1023.87,2024,4,4,周四
U0122,2024-01-11 19:53:00,食品饮料,7,1113.35,2024,1,4,周四
U0028,2024-08-22 22:56:00,数码电子,9,3213.72,2024,8,4,周四
U0164,2024-09-26 21:34:00,图书文具,1,36.37,2024,9,4,周四
U0238,2024-04-02 20:14:00,图书文具,8,2366.48,2024,4,2,周二
U0106,2024-02-16 12:53:00,家居日用,10,585.4,2024,2,5,周五
U0087,2024-08-04 17:06:00,图书文具,1,286.6,2024,8,7,周日
U0169,2024-11-25 17:56:00,美妆个护,2,505.7,2024,11,1,周一
U0161,2024-01-01 19:52:00,家居日用,2,80.18,2024,1,1,周一
U0132,2024-08-05 11:00:00,图书文具,2,524.42,2024,8,1,周一
U0291,2024-01-08 20:23:00,服装鞋帽,4,3296.84,2024,1,1,周一
U0123,2024-10-25 18:31:00,图书文具,9,1097.19,2024,10,5,周五
U0016,2024-12-20 22:58:00,服装鞋帽,4,3732.68,2024,12,5,周五
U0039,2024-10-30 21:25:00,食品饮料,4,176.6,2024,10,3,周三
U0278,2024-07-21 09:43:00,家居日用,4,2515.76,2024,7,7,周日
U0181,2024-09-11 14:00:00,数码电子,10,48561.5,2024,9,3,周三
U0237,2024-03-10 19:07:00,图书文具,3,471.9,2024,3,7,周日
U0095,2024-09-10 12:29:00,食品饮料,10,988.5,2024,9,2,周二
U0229,2024-01-12 13:29:00,服装鞋帽,7,10320.17,2024,1,5,周五
U0247,2024-01-29 08:42:00,图书文具,5,673.8,2024,1,1,周一
U0180,2024-06-20 13:17:00,服装鞋帽,7,9495.71,2024,6,4,周四
U0236,2024-07-04 08:43:00,服装鞋帽,10,6784.9,2024,7,4,周四
U0210,2024-07-14 08:33:00,美妆个护,8,2733.76,2024,7,7,周日
U0172,2024-05-13 17:24:00,食品饮料,5,428.8,2024,5,1,周一
U0144,2024-12-16 21:38:00,家居日用,3,1512.78,2024,12,1,周一
U0265,2024-05-29 12:22:00,美妆个护,10,1843.5,2024,5,3,周三
U0251,2024-10-21 17:14:00,美妆个护,3,380.97,2024,10,1,周一
U0029,2024-02-04 13:11:00,图书文具,3,796.95,2024,2,7,周日
U0008,2024-05-01 11:46:00,家居日用,3,177.03,2024,5,3,周三
U0045,2024-05-15 14:15:00,美妆个护,3,1587.78,2024,5,3,周三
U0015,2024-11-22 13:33:00,食品饮料,6,663.3,2024,11,5,周五
U0001,2024-09-22 18:15:00,图书文具,8,740.0,2024,9,7,周日
U0012,2024-12-10 08:59:00,数码电子,9,7848.63,2024,12,2,周二
U0279,2024-06-19 13:46:00,美妆个护,9,924.12,2024,6,3,周三
U0141,2024-02-12 21:27:00,数码电子,9,2918.79,2024,2,1,周一
U0056,2024-06-03 22:08:00,家居日用,1,27.55,2024,6,1,周一
U0249,2024-11-18 17:07:00,图书文具,8,784.24,2024,11,1,周一
U0094,2024-09-25 12:24:00,家居日用,6,2987.1,2024,9,3,周三
U0066,2024-10-27 09:46:00,家居日用,2,1011.84,2024,10,7,周日
U0203,2024-05-26 10:38:00,美妆个护,10,5271.0,2024,5,7,周日
U0045,2024-08-03 16:00:00,服装鞋帽,7,6510.35,2024,8,6,周六
U0275,2024-12-03 19:54:00,家居日用,1,667.76,2024,12,2,周二
U0180,2024-09-09 21:48:00,美妆个护,10,5362.8,2024,9,1,周一
U0127,2024-06-16 13:12:00,图书文具,7,1209.04,2024,6,7,周日
U0150,2024-01-16 19:47:00,服装鞋帽,8,2106.72,2024,1,2,周二
U0214,2024-03-25 17:39:00,美妆个护,9,2315.43,2024,3,1,周一
U0134,2024-05-30 10:22:00,服装鞋帽,7,6271.02,2024,5,4,周四
U0077,2024-05-25 14:14:00,食品饮料,5,484.95,2024,5,6,周六
U0088,2024-10-29 15:50:00,数码电子,7,27384.35,2024,10,2,周二
U0134,2024-12-12 16:52:00,美妆个护,9,4336.38,2024,12,4,周四
U0090,2024-10-22 20:12:00,食品饮料,7,468.09,2024,10,2,周二
U0246,2024-04-26 19:16:00,家居日用,9,1389.33,2024,4,5,周五
U0058,2024-10-23 13:10:00,食品饮料,6,136.86,2024,10,3,周三
U0075,2024-05-21 09:39:00,服装鞋帽,7,6114.92,2024,5,2,周二
U0225,2024-05-31 10:17:00,食品饮料,4,337.76,2024,5,5,周五
U0237,2024-02-04 21:00:00,家居日用,9,250.47,2024,2,7,周日
U0126,2024-12-10 09:28:00,服装鞋帽,7,4631.34,2024,12,2,周二
U0016,2024-06-30 10:08:00,食品饮料,10,402.5,2024,6,7,周日
U0236,2024-12-25 14:17:00,数码电子,9,25181.19,2024,12,3,周三
U0134,2024-01-21 17:05:00,食品饮料,7,1022.0,2024,1,7,周日
U0010,2024-01-30 16:51:00,数码电子,8,16252.4,2024,1,2,周二
U0015,2024-01-04 22:39:00,食品饮料,9,560.16,2024,1,4,周四
U0209,2024-09-28 22:34:00,食品饮料,4,571.48,2024,9,6,周六
U0261,2024-10-02 22:17:00,数码电子,4,19939.6,2024,10,3,周三
U0189,2024-04-04 16:07:00,服装鞋帽,9,2090.88,2024,4,4,周四
U0267,2024-04-08 12:41:00,美妆个护,4,1240.12,2024,4,1,周一
U0268,2024-02-06 17:59:00,食品饮料,4,419.52,2024,2,2,周二
U0246,2024-11-07 19:22:00,美妆个护,7,1706.88,2024,11,4,周四
U0179,2024-07-15 14:30:00,食品饮料,2,138.14,2024,7,1,周一
U0183,2024-07-27 20:01:00,食品饮料,10,1171.4,2024,7,6,周六
U0106,2024-03-10 10:57:00,服装鞋帽,2,667.34,2024,3,7,周日
U0192,2024-11-20 10:21:00,服装鞋帽,3,2398.23,2024,11,3,周三
U0144,2024-08-03 16:03:00,食品饮料,7,1079.47,2024,8,6,周六
U0270,2024-12-23 11:06:00,图书文具,3,712.35,2024,12,1,周一
U0144,2024-04-20 13:39:00,服装鞋帽,8,1209.12,2024,4,6,周六
U0080,2024-03-23 17:16:00,美妆个护,7,3620.33,2024,3,6,周六
U0034,2024-02-05 16:05:00,数码电子,7,29917.86,2024,2,1,周一
U0126,2024-12-02 21:23:00,服装鞋帽,10,3880.5,2024,12,1,周一
U0284,2024-03-15 13:13:00,服装鞋帽,10,1538.6,2024,3,5,周五
U0054,2024-07-02 14:29:00,服装鞋帽,8,10485.92,2024,7,2,周二
U0112,2024-08-11 13:58:00,食品饮料,1,121.58,2024,8,7,周日
U0200,2024-11-07 13:03:00,服装鞋帽,3,834.66,2024,11,4,周四
U0104,2024-01-07 18:00:00,服装鞋帽,6,957.48,2024,1,7,周日
U0087,2024-02-10 18:10:00,数码电子,5,15992.15,2024,2,6,周六
U0063,2024-06-13 16:58:00,食品饮料,3,478.95,2024,6,4,周四
U0048,2024-08-11 10:51:00,图书文具,3,757.38,2024,8,7,周日
U0253,2024-11-12 22:30:00,食品饮料,8,257.2,2024,11,2,周二
U0050,2024-07-24 09:14:00,图书文具,2,382.52,2024,7,3,周三
U0264,2024-03-19 10:46:00,美妆个护,9,870.57,2024,3,2,周二
U0189,2024-09-12 21:51:00,食品饮料,1,15.95,2024,9,4,周四
U0079,2024-08-23 21:56:00,美妆个护,2,234.26,2024,8,5,周五
U0192,2024-09-09 16:37:00,图书文具,8,976.32,2024,9,1,周一
U0209,2024-12-22 21:24:00,图书文具,4,518.2,2024,12,7,周日
U0245,2024-01-22 10:36:00,数码电子,10,33840.6,2024,1,1,周一
U0273,2024-12-01 17:54:00,数码电子,4,10354.92,2024,12,7,周日
U0081,2024-11-20 12:19:00,服装鞋帽,9,7821.18,2024,11,3,周三
U0201,2024-07-15 17:56:00,数码电子,9,25122.87,2024,7,1,周一
U0214,2024-10-04 09:54:00,美妆个护,6,2670.36,2024,10,5,周五
U0097,2024-01-18 14:00:00,食品饮料,1,28.23,2024,1,4,周四
U0260,2024-05-04 09:26:00,服装鞋帽,1,1086.52,2024,5,6,周六
U0105,2024-08-15 19:05:00,图书文具,2,41.76,2024,8,4,周四
U0056,2024-04-22 20:55:00,数码电子,6,10434.96,2024,4,1,周一
U0229,2024-06-19 14:41:00,食品饮料,2,347.76,2024,6,3,周三
U0286,2024-09-06 09:57:00,家居日用,3,1945.11,2024,9,5,周五
U0146,2024-04-15 14:39:00,图书文具,6,1415.04,2024,4,1,周一
U0068,2024-10-31 11:49:00,服装鞋帽,5,4079.75,2024,10,4,周四
U0009,2024-09-07 22:11:00,数码电子,3,1959.9,2024,9,6,周六
U0198,2024-05-07 11:23:00,服装鞋帽,6,8928.48,2024,5,2,周二
U0182,2024-08-28 08:23:00,服装鞋帽,6,5079.96,2024,8,3,周三
U0099,2024-03-02 21:28:00,图书文具,4,973.28,2024,3,6,周六
U0042,2024-04-07 08:30:00,图书文具,2,185.62,2024,4,7,周日
U0273,2024-10-20 21:22:00,食品饮料,8,231.12,2024,10,7,周日
U0056,2024-02-26 19:33:00,服装鞋帽,2,618.98,2024,2,1,周一
U0198,2024-11-16 10:00:00,服装鞋帽,5,6468.4,2024,11,6,周六
U0061,2024-02-23 15:25:00,家居日用,1,670.77,2024,2,5,周五
U0192,2024-06-19 08:56:00,服装鞋帽,7,10302.39,2024,6,3,周三
U0181,2024-11-22 19:14:00,数码电子,4,15139.84,2024,11,5,周五
U0016,2024-11-22 10:01:00,数码电子,2,3172.06,2024,11,5,周五
U0140,2024-11-21 13:31:00,食品饮料,4,537.44,2024,11,4,周四
U0239,2024-02-27 13:18:00,数码电子,6,12581.46,2024,2,2,周二
U0279,2024-01-23 17:12:00,家居日用,10,5904.2,2024,1,2,周二
U0036,2024-04-18 14:26:00,食品饮料,5,162.65,2024,4,4,周四
U0055,2024-04-06 14:37:00,图书文具,10,2315.5,2024,4,6,周六
U0067,2024-12-08 20:33:00,食品饮料,9,977.13,2024,12,7,周日
U0071,2024-01-03 17:31:00,数码电子,7,28774.2,2024,1,3,周三
U0061,2024-09-26 11:31:00,图书文具,7,1313.55,2024,9,4,周四
U0090,2024-08-13 21:35:00,美妆个护,1,267.08,2024,8,2,周二
U0115,2024-07-09 22:41:00,服装鞋帽,8,7137.36,2024,7,2,周二
U0032,2024-01-15 21:26:00,家居日用,1,162.6,2024,1,1,周一
U0187,2024-05-09 22:35:00,数码电子,7,14664.16,2024,5,4,周四
U0089,2024-08-02 19:21:00,数码电子,1,4275.59,2024,8,5,周五
U0025,2024-04-10 18:52:00,图书文具,9,258.93,2024,4,3,周三
U0120,2024-04-06 08:23:00,美妆个护,9,211.59,2024,4,6,周六
U0137,2024-11-19 08:16:00,美妆个护,2,1160.36,2024,11,2,周二
U0168,2024-07-21 12:20:00,数码电子,7,10134.04,2024,7,7,周日
U0074,2024-12-30 08:17:00,数码电子,4,18346.48,2024,12,1,周一
U0082,2024-01-17 16:13:00,食品饮料,4,762.6,2024,1,3,周三
U0047,2024-04-16 19:08:00,美妆个护,5,2630.6,2024,4,2,周二
U0026,2024-08-04 17:25:00,图书文具,1,136.23,2024,8,7,周日
U0181,2024-05-10 09:32:00,数码电子,3,8598.99,2024,5,5,周五
U0076,2024-06-25 15:02:00,服装鞋帽,1,1277.25,2024,6,2,周二
U0200,2024-11-03 11:52:00,图书文具,7,735.49,2024,11,7,周日
U0189,2024-11-05 21:00:00,食品饮料,9,750.33,2024,11,2,周二
U0144,2024-07-18 20:38:00,家居日用,6,3068.7,2024,7,4,周四
U0071,2024-08-20 21:42:00,数码电子,10,30023.5,2024,8,2,周二
U0161,2024-01-26 16:44:00,家居日用,3,2322.42,2024,1,5,周五
U0253,2024-01-02 21:43:00,图书文具,1,269.9,2024,1,2,周二
U0044,2024-09-25 21:23:00,图书文具,2,403.38,2024,9,3,周三
U0149,2024-10-30 11:39:00,数码电子,10,48875.5,2024,10,3,周三
U0079,2024-07-23 14:16:00,图书文具,2,100.36,2024,7,2,周二
U0187,2024-02-15 10:54:00,家居日用,8,4944.8,2024,2,4,周四
U0100,2024-03-18 10:33:00,家居日用,6,2416.98,2024,3,1,周一
U0278,2024-01-18 19:51:00,服装鞋帽,6,5448.3,2024,1,4,周四
U0051,2024-03-11 10:05:00,家居日用,5,398.15,2024,3,1,周一
U0135,2024-03-09 18:14:00,服装鞋帽,10,11176.1,2024,3,6,周六
U0181,2024-10-19 16:14:00,服装鞋帽,6,2047.62,2024,10,6,周六
U0149,2024-09-23 13:07:00,数码电子,8,29654.24,2024,9,1,周一
U0119,2024-01-14 14:13:00,数码电子,6,15969.36,2024,1,7,周日
U0238,2024-02-03 16:09:00,数码电子,1,650.45,2024,2,6,周六
U0223,2024-09-13 19:38:00,家居日用,10,1413.4,2024,9,5,周五
U0106,2024-03-25 13:56:00,家居日用,2,1169.66,2024,3,1,周一
U0130,2024-01-12 08:09:00,数码电子,6,6003.12,2024,1,5,周五
U0267,2024-05-19 16:01:00,数码电子,5,18268.3,2024,5,7,周日
U0212,2024-04-21 15:35:00,美妆个护,10,2730.2,2024,4,7,周日
U0014,2024-08-27 13:49:00,美妆个护,6,2062.44,2024,8,2,周二
U0167,2024-01-20 15:22:00,食品饮料,1,146.32,2024,1,6,周六
U0294,2024-09-02 20:43:00,图书文具,10,2765.6,2024,9,1,周一
U0145,2024-02-20 09:37:00,服装鞋帽,10,10189.5,2024,2,2,周二
U0248,2024-03-10 12:56:00,图书文具,7,1033.41,2024,3,7,周日
U0018,2024-08-07 16:51:00,家居日用,10,1640.2,2024,8,3,周三
U0110,2024-06-28 17:31:00,数码电子,10,23579.5,2024,6,5,周五
U0279,2024-08-13 16:51:00,图书文具,7,278.6,2024,8,2,周二
U0064,2024-08-19 08:20:00,数码电子,2,1095.58,2024,8,1,周一
U0229,2024-08-13 11:34:00,服装鞋帽,2,1077.82,2024,8,2,周二
U0110,2024-09-10 15:07:00,美妆个护,5,388.55,2024,9,2,周二
U0177,2024-05-18 09:57:00,数码电子,4,10429.24,2024,5,6,周六
U0013,2024-10-22 16:03:00,数码电子,3,10324.83,2024,10,2,周二
U0275,2024-10-05 18:53:00,食品饮料,8,693.84,2024,10,6,周六
U0018,2024-02-26 12:25:00,图书文具,6,472.02,2024,2,1,周一
U0285,2024-09-15 17:39:00,服装鞋帽,10,7866.7,2024,9,7,周日
U0076,2024-04-17 19:17:00,美妆个护,5,1849.3,2024,4,3,周三
U0258,2024-05-06 12:06:00,数码电子,10,28995.4,2024,5,1,周一
U0016,2024-05-30 15:59:00,食品饮料,5,548.9,2024,5,4,周四
U0169,2024-06-29 21:49:00,数码电子,8,36389.52,2024,6,6,周六
U0040,2024-12-20 22:14:00,家居日用,5,1523.35,2024,12,5,周五
U0011,2024-04-17 17:36:00,美妆个护,5,1458.8,2024,4,3,周三
U0237,2024-08-06 14:39:00,美妆个护,7,4005.54,2024,8,2,周二
U0189,2024-09-11 11:39:00,美妆个护,10,399.7,2024,9,3,周三
U0090,2024-12-22 08:27:00,食品饮料,5,915.4,2024,12,7,周日
U0182,2024-10-10 15:34:00,美妆个护,2,1125.06,2024,10,4,周四
U0103,2024-04-15 20:47:00,数码电子,10,21717.9,2024,4,1,周一
U0181,2024-02-02 14:55:00,食品饮料,8,1480.88,2024,2,5,周五
U0074,2024-06-19 16:14:00,图书文具,5,613.7,2024,6,3,周三
U0182,2024-11-02 17:11:00,图书文具,4,1103.84,2024,11,6,周六
U0292,2024-10-07 14:11:00,数码电子,4,12651.68,2024,10,1,周一
U0009,2024-03-01 12:17:00,服装鞋帽,3,2482.74,2024,3,5,周五
U0121,2024-08-13 16:13:00,家居日用,9,1038.06,2024,8,2,周二
U0207,2024-01-28 17:15:00,家居日用,4,987.76,2024,1,7,周日
U0234,2024-01-01 14:31:00,数码电子,1,2029.92,2024,1,1,周一
U0174,2024-06-18 13:38:00,数码电子,1,1727.78,2024,6,2,周二
U0150,2024-05-11 08:58:00,食品饮料,4,413.6,2024,5,6,周六
U0049,2024-08-19 14:30:00,服装鞋帽,2,2579.1,2024,8,1,周一
U0177,2024-03-20 16:46:00,美妆个护,4,2258.2,2024,3,3,周三
U0195,2024-08-01 08:21:00,数码电子,9,44857.89,2024,8,4,周四
U0124,2024-10-31 19:54:00,美妆个护,8,3532.72,2024,10,4,周四
U0044,2024-07-04 14:53:00,美妆个护,4,206.68,2024,7,4,周四
U0156,2024-01-16 12:20:00,食品饮料,2,337.38,2024,1,2,周二
U0045,2024-07-24 21:35:00,家居日用,4,2504.96,2024,7,3,周三
U0300,2024-01-07 16:43:00,美妆个护,4,951.96,2024,1,7,周日
U0194,2024-11-20 14:09:00,数码电子,9,8431.74,2024,11,3,周三
U0010,2024-12-23 18:59:00,服装鞋帽,5,860.7,2024,12,1,周一
U0092,2024-08-18 21:20:00,图书文具,5,141.85,2024,8,7,周日
U0145,2024-03-09 17:56:00,图书文具,4,734.96,2024,3,6,周六
U0166,2024-06-19 22:18:00,家居日用,2,36.62,2024,6,3,周三
U0097,2024-08-08 18:48:00,家居日用,10,2081.9,2024,8,4,周四
U0095,2024-09-18 16:00:00,数码电子,5,23647.95,2024,9,3,周三
U0080,2024-11-07 21:22:00,家居日用,4,1769.48,2024,11,4,周四
U0025,2024-06-04 12:55:00,美妆个护,2,416.22,2024,6,2,周二
U0057,2024-04-02 10:32:00,食品饮料,3,495.06,2024,4,2,周二
U0227,2024-08-20 15:02:00,食品饮料,6,104.76,2024,8,2,周二
U0172,2024-04-18 09:20:00,图书文具,3,243.96,2024,4,4,周四
U0087,2024-07-19 08:01:00,服装鞋帽,3,3087.51,2024,7,5,周五
U0118,2024-07-09 17:41:00,服装鞋帽,4,4754.64,2024,7,2,周二
U0283,2024-09-14 22:35:00,服装鞋帽,1,343.32,2024,9,6,周六
U0246,2024-09-07 14:16:00,家居日用,8,1149.12,2024,9,6,周六
U0197,2024-06-06 19:03:00,美妆个护,9,1598.13,2024,6,4,周四
U0152,2024-01-14 12:17:00,数码电子,9,30209.58,2024,1,7,周日
U0210,2024-01-17 21:23:00,服装鞋帽,3,150.24,2024,1,3,周三
U0129,2024-11-30 19:08:00,家居日用,8,2202.56,2024,11,6,周六
U0214,2024-10-09 10:44:00,家居日用,4,793.0,2024,10,3,周三
U0109,2024-05-08 17:46:00,服装鞋帽,7,5469.17,2024,5,3,周三
U0146,2024-01-27 19:17:00,服装鞋帽,7,9188.2,2024,1,6,周六
U0082,2024-03-12 13:30:00,图书文具,2,229.5,2024,3,2,周二
U0038,2024-07-19 21:07:00,服装鞋帽,3,2517.06,2024,7,5,周五
U0220,2024-06-06 11:38:00,家居日用,9,6410.88,2024,6,4,周四
U0194,2024-08-22 21:21:00,家居日用,6,564.42,2024,8,4,周四
U0088,2024-08-04 08:06:00,食品饮料,10,675.4,2024,8,7,周日
U0178,2024-10-24 13:59:00,家居日用,7,2343.46,2024,10,4,周四
U0074,2024-04-17 17:16:00,家居日用,7,3837.47,2024,4,3,周三
U0252,2024-04-28 09:05:00,数码电子,6,29598.66,2024,4,7,周日
U0179,2024-02-13 22:13:00,图书文具,2,256.26,2024,2,2,周二
U0003,2024-08-01 13:09:00,服装鞋帽,3,393.96,2024,8,4,周四
U0093,2024-06-24 08:06:00,美妆个护,8,4232.48,2024,6,1,周一
U0138,2024-08-18 15:16:00,家居日用,6,3663.96,2024,8,7,周日
U0219,2024-07-23 10:20:00,图书文具,4,1048.48,2024,7,2,周二
U0259,2024-11-19 16:36:00,图书文具,3,251.1,2024,11,2,周二
U0108,2024-10-22 20:03:00,图书文具,6,1246.38,2024,10,2,周二
U0232,2024-08-28 10:16:00,食品饮料,2,13.84,2024,8,3,周三
U0180,2024-03-06 11:27:00,服装鞋帽,10,6829.5,2024,3,3,周三
U0107,2024-11-18 10:59:00,数码电子,8,36425.84,2024,11,1,周一
U0103,2024-02-08 20:40:00,食品饮料,5,579.75,2024,2,4,周四
U0013,2024-04-29 17:32:00,食品饮料,8,712.72,2024,4,1,周一
U0128,2024-06-21 10:02:00,美妆个护,10,3560.0,2024,6,5,周五
U0117,2024-07-02 17:41:00,家居日用,2,722.52,2024,7,2,周二
U0031,2024-03-15 20:06:00,美妆个护,2,1118.4,2024,3,5,周五
U0020,2024-08-13 09:15:00,食品饮料,7,441.7,2024,8,2,周二
U0045,2024-11-21 20:22:00,服装鞋帽,6,2841.9,2024,11,4,周四
U0214,2024-12-05 16:14:00,家居日用,1,669.12,2024,12,4,周四
U0165,2024-02-18 11:32:00,图书文具,2,321.94,2024,2,7,周日
U0274,2024-06-14 13:52:00,美妆个护,3,569.22,2024,6,5,周五
U0138,2024-03-19 17:58:00,家居日用,2,368.12,2024,3,2,周二
U0016,2024-11-05 13:34:00,数码电子,2,5329.08,2024,11,2,周二
U0169,2024-11-10 12:54:00,家居日用,5,559.9,2024,11,7,周日
U0148,2024-10-06 20:26:00,图书文具,10,1883.5,2024,10,7,周日
U0128,2024-01-07 17:46:00,美妆个护,6,1465.68,2024,1,7,周日
U0226,2024-02-22 22:31:00,数码电子,3,11078.43,2024,2,4,周四
U0182,2024-05-04 17:50:00,家居日用,3,1900.17,2024,5,6,周六
U0029,2024-01-11 08:37:00,数码电子,1,4190.07,2024,1,4,周四
U0223,2024-04-11 21:01:00,服装鞋帽,4,4952.4,2024,4,4,周四
U0123,2024-07-11 22:34:00,服装鞋帽,7,8111.46,2024,7,4,周四
U0043,2024-03-24 10:50:00,数码电子,2,735.96,2024,3,7,周日
U0069,2024-09-21 09:33:00,家居日用,6,4461.36,2024,9,6,周六
U0010,2024-04-23 19:35:00,图书文具,5,122.45,2024,4,2,周二
U0177,2024-08-05 20:20:00,美妆个护,10,4348.9,2024,8,1,周一
U0236,2024-01-26 15:04:00,图书文具,1,8.52,2024,1,5,周五
U0259,2024-02-16 22:12:00,服装鞋帽,5,6539.75,2024,2,5,周五
U0155,2024-06-14 17:57:00,图书文具,6,1514.76,2024,6,5,周五
U0264,2024-04-06 12:06:00,图书文具,5,400.05,2024,4,6,周六
U0248,2024-10-02 15:57:00,图书文具,2,212.02,2024,10,3,周三
U0265,2024-09-27 21:25:00,数码电子,6,5841.72,2024,9,5,周五
U0084,2024-12-30 13:36:00,图书文具,7,1248.8,2024,12,1,周一
U0232,2024-04-02 13:27:00,图书文具,5,506.95,2024,4,2,周二
U0073,2024-09-05 22:26:00,美妆个护,10,2756.3,2024,9,4,周四
U0220,2024-11-23 14:28:00,美妆个护,10,1394.1,2024,11,6,周六
U0164,2024-12-26 18:57:00,图书文具,2,408.96,2024,12,4,周四
U0129,2024-03-27 17:41:00,家居日用,9,841.14,2024,3,3,周三
U0067,2024-01-06 20:57:00,图书文具,5,1177.65,2024,1,6,周六
U0082,2024-03-27 09:11:00,图书文具,5,758.4,2024,3,3,周三
U0024,2024-07-30 08:00:00,食品饮料,1,11.44,2024,7,2,周二
U0237,2024-04-14 22:02:00,图书文具,7,398.23,2024,4,7,周日
U0024,2024-02-04 15:27:00,家居日用,8,1006.64,2024,2,7,周日
U0243,2024-07-25 22:56:00,数码电子,1,3786.4,2024,7,4,周四
U0115,2024-03-08 18:04:00,服装鞋帽,10,334.2,2024,3,5,周五
U0103,2024-10-23 17:49:00,服装鞋帽,7,9628.36,2024,10,3,周三
U0007,2024-02-18 17:32:00,美妆个护,2,1092.1,2024,2,7,周日
U0132,2024-10-02 09:52:00,家居日用,1,380.56,2024,10,3,周三
U0035,2024-04-21 21:53:00,家居日用,9,4175.28,2024,4,7,周日
U0080,2024-11-09 10:00:00,美妆个护,3,286.77,2024,11,6,周六
U0107,2024-04-18 11:36:00,美妆个护,4,467.08,2024,4,4,周四
U0292,2024-06-28 12:17:00,数码电子,9,16750.8,2024,6,5,周五
U0066,2024-01-21 11:43:00,美妆个护,6,719.22,2024,1,7,周日
U0273,2024-12-01 19:30:00,服装鞋帽,9,5889.87,2024,12,7,周日
U0049,2024-04-10 09:51:00,图书文具,1,295.75,2024,4,3,周三
U0002,2024-08-30 16:18:00,服装鞋帽,5,6155.75,2024,8,5,周五
U0140,2024-01-29 14:13:00,家居日用,3,1389.03,2024,1,1,周一
U0106,2024-02-01 17:42:00,食品饮料,5,877.9,2024,2,4,周四
U0137,2024-04-09 09:08:00,图书文具,9,54.81,2024,4,2,周二
U0114,2024-05-22 13:55:00,数码电子,4,12609.72,2024,5,3,周三
U0172,2024-08-18 18:13:00,服装鞋帽,3,3920.31,2024,8,7,周日
U0102,2024-12-27 09:57:00,家居日用,10,155.6,2024,12,5,周五
U0196,2024-12-18 19:51:00,美妆个护,8,2493.36,2024,12,3,周三
U0236,2024-03-09 22:44:00,食品饮料,10,369.3,2024,3,6,周六
U0126,2024-03-07 21:49:00,家居日用,3,512.91,2024,3,4,周四
U0253,2024-10-12 16:25:00,数码电子,3,9500.79,2024,10,6,周六
U0025,2024-06-27 20:38:00,家居日用,3,1975.41,2024,6,4,周四
U0130,2024-09-02 16:43:00,家居日用,2,405.06,2024,9,1,周一
U0110,2024-03-09 17:41:00,家居日用,10,5881.8,2024,3,6,周六
U0171,2024-06-10 12:29:00,图书文具,6,976.62,2024,6,1,周一
U0003,2024-01-26 16:23:00,美妆个护,6,2891.46,2024,1,5,周五
U0186,2024-10-31 17:11:00,食品饮料,4,491.36,2024,10,4,周四
U0146,2024-03-25 11:39:00,家居日用,6,1373.64,2024,3,1,周一
U0114,2024-09-11 20:59:00,图书文具,8,2121.44,2024,9,3,周三
U0115,2024-10-02 15:24:00,服装鞋帽,5,2673.85,2024,10,3,周三
U0211,2024-08-02 18:39:00,数码电子,3,7842.54,2024,8,5,周五
U0170,2024-06-15 19:40:00,食品饮料,3,528.63,2024,6,6,周六
U0097,2024-01-16 14:06:00,数码电子,8,9774.16,2024,1,2,周二
U0220,2024-06-25 17:04:00,图书文具,1,164.67,2024,6,2,周二
U0235,2024-01-18 09:52:00,图书文具,10,1108.3,2024,1,4,周四
U0039,2024-06-02 08:48:00,图书文具,2,550.88,2024,6,7,周日
U0046,2024-02-19 13:41:00,数码电子,9,22384.98,2024,2,1,周一
U0273,2024-09-03 21:28:00,数码电子,6,25002.24,2024,9,2,周二
U0246,2024-09-18 17:38:00,家居日用,3,1539.9,2024,9,3,周三
U0051,2024-05-30 14:39:00,数码电子,9,28202.58,2024,5,4,周四
U0233,2024-07-01 18:08:00,家居日用,2,1367.94,2024,7,1,周一
U0226,2024-02-20 17:33:00,服装鞋帽,6,3549.72,2024,2,2,周二
U0120,2024-11-21 14:47:00,食品饮料,3,79.05,2024,11,4,周四
U0103,2024-11-24 11:11:00,美妆个护,3,487.08,2024,11,7,周日
U0094,2024-05-08 18:27:00,美妆个护,2,156.54,2024,5,3,周三
U0297,2024-05-09 12:44:00,服装鞋帽,6,6641.64,2024,5,4,周四
U0174,2024-01-29 10:47:00,图书文具,10,2778.9,2024,1,1,周一
U0208,2024-11-25 08:31:00,服装鞋帽,2,850.44,2024,11,1,周一
U0166,2024-01-31 10:39:00,数码电子,3,9804.18,2024,1,3,周三
U0256,2024-10-07 08:52:00,服装鞋帽,6,2904.66,2024,10,1,周一
U0294,2024-03-27 12:56:00,食品饮料,5,848.1,2024,3,3,周三
U0198,2024-02-13 11:27:00,美妆个护,1,546.5,2024,2,2,周二
U0168,2024-08-31 10:11:00,家居日用,2,337.44,2024,8,6,周六
U0214,2024-08-02 21:04:00,食品饮料,5,953.45,2024,8,5,周五
U0099,2024-12-12 08:01:00,食品饮料,7,915.6,2024,12,4,周四
U0165,2024-04-24 19:59:00,服装鞋帽,7,2862.51,2024,4,3,周三
U0105,2024-01-27 10:01:00,美妆个护,5,1090.85,2024,1,6,周六
U0180,2024-12-06 20:19:00,美妆个护,6,2442.3,2024,12,5,周五
U0025,2024-04-30 17:05:00,食品饮料,9,1482.75,2024,4,2,周二
U0001,2024-11-02 12:12:00,服装鞋帽,9,1378.53,2024,11,6,周六
U0291,2024-11-27 21:04:00,数码电子,6,8207.1,2024,11,3,周三
U0185,2024-06-23 13:02:00,家居日用,5,3740.95,2024,6,7,周日
U0069,2024-04-13 13:32:00,数码电子,4,11015.72,2024,4,6,周六
U0205,2024-12-30 17:38:00,食品饮料,8,163.36,2024,12,1,周一
U0172,2024-05-16 15:49:00,数码电子,2,6997.88,2024,5,4,周四
U0214,2024-07-26 16:09:00,数码电子,1,1956.28,2024,7,5,周五
U0004,2024-03-30 12:59:00,服装鞋帽,10,10595.1,2024,3,6,周六
U0151,2024-09-01 21:14:00,食品饮料,1,163.85,2024,9,7,周日
U0279,2024-02-26 18:16:00,数码电子,4,11771.04,2024,2,1,周一
U0181,2024-12-24 15:12:00,数码电子,7,12082.91,2024,12,2,周二
U0289,2024-08-18 15:17:00,食品饮料,1,187.24,2024,8,7,周日
U0017,2024-01-19 18:05:00,服装鞋帽,8,5961.04,2024,1,5,周五
U0084,2024-07-14 17:09:00,美妆个护,10,1189.1,2024,7,7,周日
U0222,2024-03-20 14:15:00,服装鞋帽,10,4568.3,2024,3,3,周三
U0012,2024-10-17 08:20:00,数码电子,4,5706.64,2024,10,4,周四
U0288,2024-10-23 13:23:00,服装鞋帽,4,4418.36,2024,10,3,周三
U0137,2024-04-01 12:37:00,服装鞋帽,4,4682.08,2024,4,1,周一
U0055,2024-09-13 12:05:00,美妆个护,2,716.78,2024,9,5,周五
U0237,2024-01-26 16:13:00,数码电子,6,5751.84,2024,1,5,周五
U0255,2024-05-01 22:23:00,服装鞋帽,10,4232.6,2024,5,3,周三
U0232,2024-09-12 17:47:00,美妆个护,6,2676.96,2024,9,4,周四
U0187,2024-10-14 11:17:00,图书文具,2,549.66,2024,10,1,周一
U0137,2024-08-14 15:19:00,图书文具,10,1607.8,2024,8,3,周三
U0053,2024-12-13 10:42:00,服装鞋帽,1,1186.48,2024,12,5,周五
U0100,2024-03-27 10:11:00,服装鞋帽,5,1625.25,2024,3,3,周三
U0029,2024-04-23 18:25:00,家居日用,2,1000.48,2024,4,2,周二
U0244,2024-08-01 09:37:00,服装鞋帽,10,8132.9,2024,8,4,周四
U0194,2024-05-02 15:28:00,服装鞋帽,5,5710.55,2024,5,4,周四
U0050,2024-04-27 17:34:00,食品饮料,3,117.3,2024,4,6,周六
U0181,2024-03-18 15:27:00,服装鞋帽,7,2297.54,2024,3,1,周一
U0171,2024-01-15 10:47:00,图书文具,5,253.3,2024,1,1,周一
U0151,2024-05-20 12:03:00,家居日用,8,2654.8,2024,5,1,周一
U0101,2024-05-28 17:17:00,食品饮料,8,1016.32,2024,5,2,周二
U0043,2024-04-04 09:05:00,图书文具,3,795.93,2024,4,4,周四
U0012,2024-08-24 09:01:00,美妆个护,1,309.48,2024,8,6,周六
U0222,2024-06-04 21:43:00,图书文具,1,9.63,2024,6,2,周二
U0262,2024-10-09 09:23:00,美妆个护,8,3142.64,2024,10,3,周三
U0290,2024-06-16 22:14:00,服装鞋帽,6,1554.6,2024,6,7,周日
U0274,2024-02-13 19:56:00,服装鞋帽,8,8510.56,2024,2,2,周二
U0162,2024-08-21 10:51:00,美妆个护,10,1699.6,2024,8,3,周三
U0210,2024-07-24 09:27:00,数码电子,6,3962.58,2024,7,3,周三
U0100,2024-09-17 08:48:00,数码电子,8,14915.44,2024,9,2,周二
U0175,2024-10-08 16:36:00,数码电子,7,24855.46,2024,10,2,周二
U0092,2024-07-08 14:27:00,图书文具,5,204.0,2024,7,1,周一
U0132,2024-12-29 16:06:00,图书文具,5,842.3,2024,12,7,周日
U0223,2024-09-06 11:18:00,家居日用,8,5558.32,2024,9,5,周五
U0263,2024-07-07 14:45:00,数码电子,10,36595.9,2024,7,7,周日
U0009,2024-10-30 10:17:00,食品饮料,10,70.6,2024,10,3,周三
U0078,2024-04-17 16:18:00,服装鞋帽,8,1599.52,2024,4,3,周三
U0147,2024-09-11 19:20:00,服装鞋帽,1,1327.75,2024,9,3,周三
U0286,2024-01-22 10:36:00,食品饮料,2,338.58,2024,1,1,周一
U0258,2024-07-22 13:05:00,服装鞋帽,8,10818.24,2024,7,1,周一
U0222,2024-09-14 16:46:00,数码电子,1,4185.92,2024,9,6,周六
U0236,2024-07-01 15:36:00,图书文具,1,253.89,2024,7,1,周一
U0236,2024-05-06 15:44:00,服装鞋帽,1,1079.0,2024,5,1,周一
U0289,2024-02-09 12:16:00,图书文具,8,2321.12,2024,2,5,周五
U0098,2024-05-16 15:22:00,服装鞋帽,2,2858.0,2024,5,4,周四
U0084,2024-08-29 16:02:00,家居日用,7,3952.9,2024,8,4,周四
U0278,2024-05-18 15:38:00,服装鞋帽,3,3520.59,2024,5,6,周六
U0038,2024-05-15 13:36:00,服装鞋帽,8,4507.28,2024,5,3,周三
U0079,2024-08-23 22:16:00,食品饮料,4,588.16,2024,8,5,周五
U0221,2024-01-09 08:59:00,食品饮料,5,331.7,2024,1,2,周二
U0197,2024-09-22 13:55:00,服装鞋帽,9,5032.71,2024,9,7,周日
U0276,2024-11-08 22:45:00,数码电子,9,42805.71,2024,11,5,周五
U0195,2024-01-12 17:24:00,食品饮料,1,195.89,2024,1,5,周五
U0118,2024-06-12 14:52:00,数码电子,7,4705.68,2024,6,3,周三
U0056,2024-04-27 11:29:00,家居日用,8,744.96,2024,4,6,周六
U0180,2024-12-23 18:22:00,家居日用,4,270.96,2024,12,1,周一
U0022,2024-11-26 15:32:00,数码电子,7,18305.84,2024,11,2,周二
U0128,2024-02-24 14:41:00,图书文具,10,1644.6,2024,2,6,周六
U0233,2024-12-19 20:12:00,家居日用,9,3401.28,2024,12,4,周四
U0145,2024-05-09 20:30:00,美妆个护,2,715.28,2024,5,4,周四
U0143,2024-08-10 15:14:00,食品饮料,4,734.44,2024,8,6,周六
U0201,2024-01-23 15:31:00,图书文具,9,149.67,2024,1,2,周二
U0085,2024-04-18 22:36:00,数码电子,6,18135.9,2024,4,4,周四
U0156,2024-10-25 16:50:00,服装鞋帽,7,7751.31,2024,10,5,周五
U0067,2024-03-02 20:38:00,美妆个护,7,2433.69,2024,3,6,周六
U0052,2024-03-31 08:45:00,食品饮料,10,913.8,2024,3,7,周日
U0238,2024-06-03 15:22:00,家居日用,10,3579.0,2024,6,1,周一
U0064,2024-05-02 21:28:00,数码电子,4,19212.32,2024,5,4,周四
U0208,2024-01-19 15:55:00,图书文具,6,936.42,2024,1,5,周五
U0105,2024-04-09 17:30:00,家居日用,7,2260.16,2024,4,2,周二
U0073,2024-06-24 19:31:00,食品饮料,7,1075.06,2024,6,1,周一
U0224,2024-01-06 17:43:00,服装鞋帽,4,462.44,2024,1,6,周六
U0230,2024-06-30 16:04:00,数码电子,8,31462.48,2024,6,7,周日
U0244,2024-03-26 22:42:00,数码电子,8,19836.08,2024,3,2,周二
U0092,2024-03-10 18:19:00,美妆个护,7,605.85,2024,3,7,周日
U0187,2024-08-08 13:45:00,图书文具,8,1745.92,2024,8,4,周四
U0179,2024-11-29 14:36:00,数码电子,2,9691.26,2024,11,5,周五
U0104,2024-06-09 22:58:00,图书文具,2,39.26,2024,6,7,周日
U0113,2024-11-13 14:45:00,图书文具,9,1959.84,2024,11,3,周三
U0212,2024-04-22 19:43:00,图书文具,1,284.72,2024,4,1,周一
U0045,2024-04-17 18:58:00,图书文具,1,231.07,2024,4,3,周三
U0160,2024-09-23 13:05:00,服装鞋帽,9,9715.68,2024,9,1,周一
U0290,2024-12-22 08:39:00,图书文具,5,1098.15,2024,12,7,周日
U0082,2024-06-29 10:18:00,图书文具,8,673.68,2024,6,6,周六
U0180,2024-06-19 14:48:00,食品饮料,10,1426.7,2024,6,3,周三
U0129,2024-02-18 11:20:00,美妆个护,4,942.68,2024,2,7,周日
U0025,2024-05-06 17:16:00,美妆个护,7,465.08,2024,5,1,周一
U0280,2024-01-11 16:11:00,服装鞋帽,4,4656.28,2024,1,4,周四
U0141,2024-01-23 10:41:00,美妆个护,7,978.95,2024,1,2,周二
U0290,2024-11-26 22:28:00,图书文具,2,133.56,2024,11,2,周二
U0075,2024-02-03 14:03:00,服装鞋帽,2,2881.76,2024,2,6,周六
U0077,2024-10-19 08:20:00,家居日用,3,219.63,2024,10,6,周六
U0077,2024-08-16 09:40:00,图书文具,8,809.6,2024,8,5,周五
U0026,2024-03-11 16:38:00,服装鞋帽,6,4587.18,2024,3,1,周一
U0194,2024-10-01 11:57:00,图书文具,1,169.89,2024,10,2,周二
U0061,2024-04-01 21:06:00,食品饮料,9,1267.11,2024,4,1,周一
U0193,2024-04-24 13:17:00,数码电子,1,1620.58,2024,4,3,周三
U0052,2024-07-13 09:40:00,图书文具,1,20.62,2024,7,6,周六
U0093,2024-11-04 08:21:00,美妆个护,9,2285.55,2024,11,1,周一
U0260,2024-06-12 13:51:00,美妆个护,6,1464.9,2024,6,3,周三
U0089,2024-06-02 14:38:00,家居日用,1,72.02,2024,6,7,周日
U0228,2024-12-02 12:45:00,图书文具,8,678.8,2024,12,1,周一
U0220,2024-01-08 15:02:00,食品饮料,3,566.01,2024,1,1,周一
U0079,2024-03-26 19:09:00,数码电子,6,12486.0,2024,3,2,周二
U0091,2024-05-20 08:04:00,数码电子,9,20673.9,2024,5,1,周一
U0152,2024-11-18 22:50:00,食品饮料,3,174.3,2024,11,1,周一
U0012,2024-06-04 19:28:00,服装鞋帽,1,686.14,2024,6,2,周二
U0057,2024-12-08 11:10:00,食品饮料,9,878.13,2024,12,7,周日
U0216,2024-02-12 14:22:00,服装鞋帽,10,9200.0,2024,2,1,周一
U0293,2024-05-13 08:05:00,数码电子,6,19984.74,2024,5,1,周一
U0153,2024-05-04 22:25:00,服装鞋帽,8,1571.6,2024,5,6,周六
U0253,2024-09-02 10:41:00,食品饮料,4,242.96,2024,9,1,周一
U0267,2024-09-24 17:49:00,服装鞋帽,4,933.76,2024,9,2,周二
U0289,2024-05-20 09:40:00,数码电子,8,13784.72,2024,5,1,周一
U0128,2024-10-13 14:40:00,数码电子,2,7587.92,2024,10,7,周日
U0259,2024-10-25 22:05:00,服装鞋帽,8,3387.76,2024,10,5,周五
U0271,2024-04-18 11:27:00,数码电子,6,20665.68,2024,4,4,周四
U0050,2024-03-11 22:17:00,数码电子,4,8293.12,2024,3,1,周一
U0002,2024-12-25 11:33:00,服装鞋帽,10,2501.7,2024,12,3,周三
U0094,2024-10-24 12:10:00,食品饮料,2,150.02,2024,10,4,周四
U0213,2024-05-27 20:22:00,美妆个护,8,498.0,2024,5,1,周一
U0278,2024-03-22 08:29:00,图书文具,1,195.68,2024,3,5,周五
U0292,2024-07-21 15:59:00,美妆个护,8,2587.44,2024,7,7,周日
U0026,2024-07-12 13:45:00,食品饮料,1,151.71,2024,7,5,周五
U0163,2024-10-25 20:36:00,食品饮料,10,831.7,2024,10,5,周五
U0042,2024-10-11 18:02:00,家居日用,10,6342.0,2024,10,5,周五
U0204,2024-02-11 21:31:00,数码电子,10,33262.1,2024,2,7,周日
U0056,2024-09-09 17:41:00,数码电子,1,2877.5,2024,9,1,周一
U0231,2024-11-03 18:08:00,图书文具,2,512.24,2024,11,7,周日
U0129,2024-03-13 11:52:00,服装鞋帽,4,1456.64,2024,3,3,周三
U0045,2024-04-14 13:17:00,家居日用,10,6870.5,2024,4,7,周日
U0201,2024-05-13 10:47:00,图书文具,7,1002.68,2024,5,1,周一
U0272,2024-02-06 14:18:00,图书文具,5,76.85,2024,2,2,周二
U0192,2024-08-05 13:07:00,美妆个护,1,517.5,2024,8,1,周一
U0239,2024-01-20 19:17:00,服装鞋帽,9,5782.05,2024,1,6,周六
U0132,2024-02-06 11:12:00,食品饮料,2,356.52,2024,2,2,周二
U0194,2024-06-24 08:57:00,服装鞋帽,9,7813.62,2024,6,1,周一
U0125,2024-11-16 17:20:00,食品饮料,3,253.62,2024,11,6,周六
U0105,2024-11-15 16:22:00,家居日用,9,1338.39,2024,11,5,周五
U0162,2024-07-09 16:59:00,美妆个护,1,366.95,2024,7,2,周二
U0188,2024-03-10 12:30:00,数码电子,9,24686.55,2024,3,7,周日
U0014,2024-06-12 11:52:00,数码电子,4,2434.24,2024,6,3,周三
U0028,2024-07-14 21:15:00,图书文具,3,269.22,2024,7,7,周日
U0101,2024-01-29 22:17:00,数码电子,10,7345.0,2024,1,1,周一
U0257,2024-10-21 12:00:00,家居日用,4,2804.2,2024,10,1,周一
U0105,2024-02-03 19:45:00,食品饮料,2,170.02,2024,2,6,周六
U0266,2024-06-30 11:00:00,美妆个护,1,419.25,2024,6,7,周日
U0271,2024-08-28 19:30:00,美妆个护,1,325.55,2024,8,3,周三
U0139,2024-10-10 17:31:00,服装鞋帽,1,1117.03,2024,10,4,周四
U0010,2024-01-08 12:12:00,服装鞋帽,2,2335.54,2024,1,1,周一
U0030,2024-01-20 16:01:00,美妆个护,1,156.63,2024,1,6,周六
U0054,2024-10-07 10:08:00,图书文具,7,1687.35,2024,10,1,周一
U0290,2024-02-12 17:29:00,图书文具,6,444.36,2024,2,1,周一
U0194,2024-02-01 17:15:00,家居日用,1,329.95,2024,2,4,周四
U0015,2024-02-22 19:07:00,数码电子,5,4124.1,2024,2,4,周四
U0166,2024-05-18 12:42:00,家居日用,4,2930.6,2024,5,6,周六
U0178,2024-11-25 09:25:00,图书文具,9,923.76,2024,11,1,周一
U0159,2024-02-11 14:03:00,美妆个护,6,369.66,2024,2,7,周日
U0090,2024-04-20 14:16:00,服装鞋帽,3,175.56,2024,4,6,周六
U0153,2024-04-13 18:06:00,数码电子,8,36396.64,2024,4,6,周六
U0019,2024-06-07 17:41:00,食品饮料,4,256.64,2024,6,5,周五
U0013,2024-08-04 09:01:00,食品饮料,3,265.08,2024,8,7,周日
U0287,2024-03-25 13:33:00,服装鞋帽,9,6597.72,2024,3,1,周一
U0230,2024-04-05 13:39:00,数码电子,5,19239.05,2024,4,5,周五
U0132,2024-12-20 21:09:00,服装鞋帽,6,1117.38,2024,12,5,周五
U0163,2024-11-26 20:40:00,服装鞋帽,2,2514.6,2024,11,2,周二
U0270,2024-11-05 22:57:00,数码电子,10,16342.9,2024,11,2,周二
U0281,2024-09-09 10:07:00,家居日用,8,4146.08,2024,9,1,周一
U0236,2024-12-07 08:35:00,食品饮料,3,235.65,2024,12,6,周六
U0165,2024-05-18 11:34:00,美妆个护,4,960.12,2024,5,6,周六
U0155,2024-06-20 15:37:00,图书文具,5,1279.5,2024,6,4,周四
U0139,2024-07-23 20:08:00,家居日用,9,5053.32,2024,7,2,周二
U0256,2024-04-11 17:12:00,家居日用,10,1117.2,2024,4,4,周四
U0211,2024-03-17 20:57:00,家居日用,5,1561.8,2024,3,7,周日
U0205,2024-02-27 16:32:00,图书文具,4,105.4,2024,2,2,周二
U0033,2024-05-31 21:12:00,图书文具,2,153.34,2024,5,5,周五
U0043,2024-09-20 11:02:00,美妆个护,4,914.8,2024,9,5,周五
U0059,2024-06-25 22:42:00,食品饮料,3,201.63,2024,6,2,周二
U0286,2024-11-27 22:17:00,家居日用,7,4729.34,2024,11,3,周三
U0225,2024-10-27 21:14:00,家居日用,10,4853.3,2024,10,7,周日
U0230,2024-09-05 13:43:00,服装鞋帽,9,4947.84,2024,9,4,周四
U0088,2024-11-08 10:01:00,图书文具,4,870.92,2024,11,5,周五
U0281,2024-02-15 16:33:00,食品饮料,7,1232.63,2024,2,4,周四
U0061,2024-12-10 15:15:00,图书文具,4,966.6,2024,12,2,周二
U0193,2024-05-29 10:37:00,图书文具,4,704.08,2024,5,3,周三
U0067,2024-01-10 08:38:00,食品饮料,9,372.78,2024,1,3,周三
U0113,2024-05-12 14:18:00,食品饮料,8,627.84,2024,5,7,周日
U0111,2024-12-22 14:11:00,图书文具,4,313.48,2024,12,7,周日
U0122,2024-02-10 14:25:00,数码电子,7,17822.7,2024,2,6,周六
U0009,2024-01-13 19:26:00,服装鞋帽,4,1461.6,2024,1,6,周六
U0100,2024-07-11 09:50:00,食品饮料,8,666.8,2024,7,4,周四
U0207,2024-10-26 21:03:00,食品饮料,8,277.44,2024,10,6,周六
U0128,2024-04-14 17:35:00,家居日用,9,3319.47,2024,4,7,周日
U0140,2024-07-08 09:29:00,家居日用,5,3458.7,2024,7,1,周一
U0025,2024-09-24 12:24:00,服装鞋帽,9,2262.6,2024,9,2,周二
U0190,2024-03-29 10:51:00,食品饮料,1,31.42,2024,3,5,周五
U0105,2024-05-26 14:08:00,图书文具,2,533.82,2024,5,7,周日
U0014,2024-09-13 17:57:00,食品饮料,10,603.3,2024,9,5,周五
U0270,2024-08-08 15:46:00,服装鞋帽,8,6091.36,2024,8,4,周四
U0283,2024-03-14 10:22:00,食品饮料,8,714.64,2024,3,4,周四
U0068,2024-12-27 20:00:00,家居日用,1,449.8,2024,12,5,周五
U0103,2024-08-02 11:14:00,美妆个护,2,791.8,2024,8,5,周五
U0152,2024-08-24 15:10:00,服装鞋帽,6,2912.88,2024,8,6,周六
U0297,2024-03-13 11:27:00,食品饮料,1,13.42,2024,3,3,周三
U0138,2024-11-14 12:28:00,数码电子,6,8480.28,2024,11,4,周四
U0070,2024-04-13 19:52:00,图书文具,7,1301.65,2024,4,6,周六
U0276,2024-11-30 22:06:00,数码电子,9,11353.41,2024,11,6,周六
U0253,2024-10-21 19:29:00,美妆个护,7,566.72,2024,10,1,周一
U0299,2024-07-31 11:36:00,家居日用,4,1073.0,2024,7,3,周三
U0231,2024-12-27 20:27:00,美妆个护,8,2637.92,2024,12,5,周五
U0218,2024-08-09 08:15:00,图书文具,1,146.22,2024,8,5,周五
U0242,2024-03-30 15:05:00,图书文具,7,1612.59,2024,3,6,周六
U0086,2024-08-21 18:56:00,美妆个护,9,5317.11,2024,8,3,周三
U0269,2024-07-04 10:34:00,食品饮料,5,780.3,2024,7,4,周四
U0180,2024-10-16 16:34:00,图书文具,5,936.25,2024,10,3,周三
U0083,2024-08-12 19:30:00,美妆个护,6,2975.22,2024,8,1,周一
U0079,2024-03-18 10:42:00,图书文具,6,586.56,2024,3,1,周一
U0026,2024-07-28 19:54:00,服装鞋帽,9,8353.8,2024,7,7,周日
U0184,2024-07-05 13:13:00,家居日用,10,2009.9,2024,7,5,周五
U0013,2024-10-25 19:50:00,服装鞋帽,5,5660.5,2024,10,5,周五
U0211,2024-10-06 17:44:00,家居日用,8,2962.56,2024,10,7,周日
U0273,2024-03-08 19:44:00,美妆个护,4,609.2,2024,3,5,周五
U0111,2024-09-14 16:24:00,食品饮料,6,737.94,2024,9,6,周六
U0099,2024-01-27 16:17:00,图书文具,1,57.04,2024,1,6,周六
U0196,2024-10-23 12:50:00,图书文具,2,443.24,2024,10,3,周三
U0138,2024-04-11 21:48:00,食品饮料,3,122.4,2024,4,4,周四
U0223,2024-07-17 10:30:00,家居日用,10,7554.1,2024,7,3,周三
U0023,2024-02-17 20:39:00,图书文具,6,1413.48,2024,2,6,周六
U0283,2024-07-21 12:56:00,食品饮料,4,28.84,2024,7,7,周日
U0047,2024-09-05 22:45:00,美妆个护,10,5391.5,2024,9,4,周四
U0280,2024-08-08 16:41:00,家居日用,1,758.47,2024,8,4,周四
U0274,2024-02-12 08:28:00,家居日用,10,4396.6,2024,2,1,周一
U0031,2024-06-04 19:56:00,服装鞋帽,6,7842.84,2024,6,2,周二
U0217,2024-01-02 15:13:00,家居日用,2,1118.74,2024,1,2,周二
U0165,2024-08-09 18:38:00,数码电子,1,4071.45,2024,8,5,周五
U0157,2024-09-05 08:42:00,数码电子,6,18964.14,2024,9,4,周四
U0187,2024-03-02 08:35:00,数码电子,5,11250.9,2024,3,6,周六
U0139,2024-03-10 08:53:00,图书文具,6,1456.44,2024,3,7,周日
U0293,2024-06-23 18:49:00,家居日用,10,2633.6,2024,6,7,周日
U0292,2024-10-14 09:06:00,数码电子,10,43812.9,2024,10,1,周一
U0060,2024-09-13 08:46:00,食品饮料,6,89.04,2024,9,5,周五
U0059,2024-12-22 22:40:00,图书文具,9,1491.66,2024,12,7,周日
U0056,2024-03-05 19:04:00,图书文具,9,215.55,2024,3,2,周二
U0257,2024-06-08 17:41:00,服装鞋帽,1,990.19,2024,6,6,周六
U0002,2024-11-24 15:16:00,家居日用,4,1220.4,2024,11,7,周日
U0049,2024-11-27 19:19:00,数码电子,3,10751.43,2024,11,3,周三
U0050,2024-06-26 12:45:00,数码电子,1,1551.24,2024,6,3,周三
U0247,2024-05-27 13:23:00,美妆个护,6,2231.76,2024,5,1,周一
U0226,2024-03-05 15:23:00,食品饮料,6,302.1,2024,3,2,周二
U0089,2024-03-01 22:29:00,服装鞋帽,6,2072.46,2024,3,5,周五
U0186,2024-01-31 18:11:00,图书文具,9,545.13,2024,1,3,周三
U0227,2024-06-29 20:45:00,美妆个护,10,4744.8,2024,6,6,周六
U0260,2024-11-03 14:24:00,服装鞋帽,4,2450.12,2024,11,7,周日
U0119,2024-01-17 20:10:00,图书文具,3,417.63,2024,1,3,周三
U0117,2024-02-12 10:26:00,美妆个护,1,27.84,2024,2,1,周一
U0228,2024-05-26 17:16:00,美妆个护,10,1343.2,2024,5,7,周日
U0058,2024-03-03 15:27:00,食品饮料,4,324.28,2024,3,7,周日
U0168,2024-06-14 12:08:00,美妆个护,2,642.22,2024,6,5,周五
U0072,2024-05-05 17:12:00,食品饮料,1,20.35,2024,5,7,周日
U0195,2024-06-06 11:12:00,服装鞋帽,7,1128.12,2024,6,4,周四
U0054,2024-04-13 13:17:00,美妆个护,7,2493.82,2024,4,6,周六
U0242,2024-07-21 22:32:00,图书文具,1,107.84,2024,7,7,周日
U0287,2024-06-24 21:45:00,图书文具,5,115.85,2024,6,1,周一
U0275,2024-12-02 18:25:00,图书文具,1,93.91,2024,12,1,周一
U0095,2024-09-24 14:53:00,图书文具,5,888.0,2024,9,2,周二
U0059,2024-06-12 10:57:00,食品饮料,1,22.46,2024,6,3,周三
U0045,2024-09-13 12:18:00,美妆个护,4,1340.72,2024,9,5,周五
U0067,2024-04-22 19:31:00,数码电子,8,17976.72,2024,4,1,周一
U0068,2024-01-28 12:51:00,服装鞋帽,5,2852.65,2024,1,7,周日
U0273,2024-04-17 10:09:00,数码电子,8,28238.48,2024,4,3,周三
U0129,2024-10-17 12:57:00,服装鞋帽,1,1348.22,2024,10,4,周四
U0293,2024-10-11 16:32:00,家居日用,10,6225.1,2024,10,5,周五
U0241,2024-09-26 09:26:00,食品饮料,6,933.36,2024,9,4,周四
U0233,2024-05-30 11:20:00,美妆个护,5,2688.55,2024,5,4,周四
U0122,2024-08-14 13:23:00,服装鞋帽,9,1513.53,2024,8,3,周三
U0247,2024-11-11 10:00:00,家居日用,6,1278.66,2024,11,1,周一
U0278,2024-11-29 08:56:00,服装鞋帽,1,593.8,2024,11,5,周五
U0055,2024-11-02 13:38:00,食品饮料,1,164.49,2024,11,6,周六
U0198,2024-06-07 22:24:00,图书文具,1,151.66,2024,6,5,周五
U0138,2024-03-14 16:30:00,美妆个护,3,225.45,2024,3,4,周四
U0052,2024-03-27 20:31:00,美妆个护,1,529.07,2024,3,3,周三
U0248,2024-03-09 15:02:00,美妆个护,7,584.01,2024,3,6,周六
U0189,2024-05-30 21:59:00,数码电子,8,24302.0,2024,5,4,周四
U0097,2024-04-22 19:07:00,家居日用,4,2671.96,2024,4,1,周一
U0121,2024-07-15 13:33:00,数码电子,10,34232.3,2024,7,1,周一
U0039,2024-02-23 17:32:00,食品饮料,8,1345.6,2024,2,5,周五
U0173,2024-09-04 22:25:00,数码电子,4,11075.52,2024,9,3,周三
U0234,2024-11-24 10:59:00,服装鞋帽,10,7735.4,2024,11,7,周日
U0179,2024-01-16 15:49:00,图书文具,3,655.2,2024,1,2,周二
U0242,2024-05-20 09:06:00,美妆个护,3,1514.52,2024,5,1,周一
U0203,2024-03-25 14:19:00,数码电子,5,9993.65,2024,3,1,周一
U0258,2024-10-01 21:19:00,数码电子,9,7882.29,2024,10,2,周二
U0017,2024-03-29 13:03:00,图书文具,4,850.64,2024,3,5,周五
U0154,2024-08-15 15:16:00,美妆个护,9,1164.69,2024,8,4,周四
U0173,2024-01-04 13:25:00,图书文具,3,573.3,2024,1,4,周四
U0071,2024-10-15 22:54:00,美妆个护,8,4021.6,2024,10,2,周二
U0057,2024-06-14 19:21:00,数码电子,3,14278.23,2024,6,5,周五
U0184,2024-09-26 08:09:00,图书文具,4,705.36,2024,9,4,周四
U0125,2024-12-01 18:51:00,食品饮料,3,245.7,2024,12,7,周日
U0265,2024-01-09 16:26:00,食品饮料,9,717.03,2024,1,2,周二
U0208,2024-05-04 18:32:00,食品饮料,6,1134.48,2024,5,6,周六
U0005,2024-03-20 09:48:00,数码电子,1,4951.6,2024,3,3,周三
U0136,2024-01-25 17:04:00,服装鞋帽,2,2372.38,2024,1,4,周四
U0095,2024-02-02 22:17:00,美妆个护,9,4604.67,2024,2,5,周五
U0038,2024-05-14 21:42:00,美妆个护,9,4567.95,2024,5,2,周二
U0150,2024-11-03 20:15:00,家居日用,1,741.76,2024,11,7,周日
U0269,2024-11-23 15:04:00,家居日用,9,5276.88,2024,11,6,周六
U0033,2024-08-01 09:55:00,家居日用,9,3221.46,2024,8,4,周四
U0029,2024-02-08 18:35:00,美妆个护,1,325.85,2024,2,4,周四
U0046,2024-03-07 12:13:00,服装鞋帽,7,9697.87,2024,3,4,周四
U0242,2024-08-24 20:22:00,服装鞋帽,6,8064.84,2024,8,6,周六
U0272,2024-02-10 09:54:00,美妆个护,6,2518.2,2024,2,6,周六
U0215,2024-04-09 08:08:00,家居日用,2,1250.82,2024,4,2,周二
U0178,2024-09-01 18:21:00,服装鞋帽,8,9088.32,2024,9,7,周日
U0268,2024-09-16 12:12:00,美妆个护,9,3532.68,2024,9,1,周一
U0007,2024-08-03 22:04:00,美妆个护,1,203.63,2024,8,6,周六
U0262,2024-03-29 10:15:00,美妆个护,2,1009.5,2024,3,5,周五
U0293,2024-07-25 20:12:00,美妆个护,8,2609.04,2024,7,4,周四
U0154,2024-01-10 22:32:00,美妆个护,5,313.35,2024,1,3,周三
U0131,2024-03-07 14:35:00,服装鞋帽,8,8937.92,2024,3,4,周四
U0030,2024-12-24 09:10:00,服装鞋帽,1,942.6,2024,12,2,周二
U0296,2024-11-25 19:56:00,服装鞋帽,3,2705.07,2024,11,1,周一
U0143,2024-08-22 10:44:00,数码电子,4,5440.08,2024,8,4,周四
U0077,2024-06-09 12:36:00,图书文具,7,768.67,2024,6,7,周日
U0175,2024-02-23 11:29:00,服装鞋帽,9,712.26,2024,2,5,周五
U0206,2024-11-11 21:53:00,数码电子,5,3828.35,2024,11,1,周一
U0070,2024-08-05 09:44:00,美妆个护,3,1024.05,2024,8,1,周一
U0019,2024-09-13 15:31:00,图书文具,2,92.44,2024,9,5,周五
U0048,2024-07-01 18:16:00,服装鞋帽,8,2352.64,2024,7,1,周一
U0137,2024-12-11 09:15:00,图书文具,5,1374.05,2024,12,3,周三
U0059,2024-01-28 15:13:00,家居日用,5,577.2,2024,1,7,周日
U0223,2024-04-29 10:31:00,数码电子,9,20263.86,2024,4,1,周一
U0189,2024-03-06 17:00:00,家居日用,9,3259.53,2024,3,3,周三
U0164,2024-08-20 22:27:00,图书文具,1,171.68,2024,8,2,周二
U0174,2024-12-10 20:17:00,图书文具,2,125.9,2024,12,2,周二
U0015,2024-06-24 15:12:00,服装鞋帽,9,13269.51,2024,6,1,周一
U0288,2024-02-24 10:56:00,美妆个护,7,2185.82,2024,2,6,周六
U0029,2024-01-22 08:28:00,美妆个护,10,1532.9,2024,1,1,周一
U0202,2024-04-10 14:45:00,服装鞋帽,10,6995.9,2024,4,3,周三
U0228,2024-10-07 19:59:00,图书文具,7,741.09,2024,10,1,周一
U0086,2024-09-09 12:00:00,服装鞋帽,3,1252.5,2024,9,1,周一
U0033,2024-09-16 17:02:00,服装鞋帽,4,1316.08,2024,9,1,周一
U0284,2024-03-10 13:54:00,食品饮料,7,394.66,2024,3,7,周日
U0144,2024-01-24 12:40:00,数码电子,5,2898.05,2024,1,3,周三
U0286,2024-01-18 19:26:00,服装鞋帽,10,3579.4,2024,1,4,周四
U0225,2024-08-04 15:30:00,美妆个护,2,1131.02,2024,8,7,周日
U0235,2024-04-16 22:31:00,数码电子,1,2727.88,2024,4,2,周二
U0071,2024-12-27 13:52:00,服装鞋帽,3,902.4,2024,12,5,周五
U0300,2024-04-30 11:24:00,家居日用,2,1305.52,2024,4,2,周二
U0166,2024-07-09 22:00:00,服装鞋帽,5,6808.0,2024,7,2,周二
U0206,2024-04-14 21:34:00,数码电子,3,2106.39,2024,4,7,周日
U0111,2024-07-23 10:53:00,数码电子,7,31978.1,2024,7,2,周二
U0169,2024-10-24 16:06:00,家居日用,8,3317.76,2024,10,4,周四
U0165,2024-07-12 17:47:00,美妆个护,8,792.8,2024,7,5,周五
U0107,2024-08-10 17:55:00,家居日用,9,2339.46,2024,8,6,周六
U0288,2024-12-29 17:49:00,数码电子,4,7285.24,2024,12,7,周日
U0135,2024-04-23 15:42:00,食品饮料,8,1431.6,2024,4,2,周二
U0194,2024-04-19 20:49:00,家居日用,6,3127.86,2024,4,5,周五
U0244,2024-06-14 17:10:00,数码电子,1,2587.29,2024,6,5,周五
U0031,2024-07-23 13:34:00,服装鞋帽,2,990.82,2024,7,2,周二
U0241,2024-09-03 10:51:00,美妆个护,6,1800.9,2024,9,2,周二
U0021,2024-11-03 10:41:00,食品饮料,3,472.29,2024,11,7,周日
U0127,2024-07-11 10:28:00,食品饮料,7,573.86,2024,7,4,周四
U0235,2024-07-02 13:10:00,服装鞋帽,1,1029.2,2024,7,2,周二
U0049,2024-04-05 16:28:00,数码电子,7,16733.43,2024,4,5,周五
U0244,2024-12-23 08:06:00,家居日用,6,437.22,2024,12,1,周一
U0051,2024-03-21 11:02:00,食品饮料,2,346.76,2024,3,4,周四
U0111,2024-06-16 08:19:00,图书文具,4,927.72,2024,6,7,周日
U0109,2024-03-19 13:32:00,服装鞋帽,6,8019.6,2024,3,2,周二
U0280,2024-05-30 17:53:00,食品饮料,9,332.64,2024,5,4,周四
U0236,2024-06-21 21:43:00,图书文具,10,2799.1,2024,6,5,周五
U0157,2024-09-14 11:18:00,数码电子,8,31475.04,2024,9,6,周六
U0255,2024-07-26 09:30:00,家居日用,7,901.25,2024,7,5,周五
U0250,2024-07-08 14:35:00,美妆个护,8,758.48,2024,7,1,周一
U0128,2024-04-02 19:04:00,美妆个护,10,5627.7,2024,4,2,周二
U0293,2024-08-09 10:52:00,图书文具,3,816.69,2024,8,5,周五
U0299,2024-09-19 20:48:00,食品饮料,9,1374.39,2024,9,4,周四
U0077,2024-05-06 12:28:00,服装鞋帽,8,3882.4,2024,5,1,周一
U0269,2024-07-09 20:34:00,美妆个护,6,2415.96,2024,7,2,周二
U0095,2024-02-10 21:21:00,美妆个护,2,689.44,2024,2,6,周六
U0194,2024-12-01 10:03:00,食品饮料,2,50.74,2024,12,7,周日
U0158,2024-12-27 18:28:00,食品饮料,10,248.8,2024,12,5,周五
U0279,2024-10-30 11:44:00,数码电子,8,27090.72,2024,10,3,周三
U0130,2024-03-18 11:48:00,美妆个护,4,593.28,2024,3,1,周一
U0128,2024-07-18 09:05:00,图书文具,10,2182.7,2024,7,4,周四
U0234,2024-07-20 14:02:00,家居日用,10,3343.0,2024,7,6,周六
U0162,2024-12-22 11:07:00,图书文具,2,233.14,2024,12,7,周日
U0249,2024-08-08 16:20:00,图书文具,3,255.18,2024,8,4,周四
U0010,2024-01-12 14:16:00,食品饮料,10,129.9,2024,1,5,周五
U0271,2024-02-02 21:36:00,服装鞋帽,1,1309.19,2024,2,5,周五
U0249,2024-03-23 16:56:00,家居日用,1,293.11,2024,3,6,周六
U0136,2024-07-14 12:24:00,图书文具,7,1339.59,2024,7,7,周日
U0180,2024-01-04 21:46:00,服装鞋帽,5,7247.55,2024,1,4,周四
U0105,2024-03-06 18:06:00,食品饮料,1,45.82,2024,3,3,周三
U0075,2024-10-16 08:25:00,数码电子,7,10138.59,2024,10,3,周三
U0186,2024-12-19 19:14:00,数码电子,10,24559.8,2024,12,4,周四
U0215,2024-01-17 19:08:00,数码电子,4,17880.68,2024,1,3,周三
U0292,2024-02-17 10:32:00,图书文具,10,727.6,2024,2,6,周六
U0246,2024-03-17 11:28:00,图书文具,10,1620.3,2024,3,7,周日
U0259,2024-11-03 17:59:00,图书文具,1,78.03,2024,11,7,周日
U0250,2024-11-27 21:24:00,服装鞋帽,4,5474.6,2024,11,3,周三
U0115,2024-11-08 17:35:00,数码电子,10,38635.4,2024,11,5,周五
U0014,2024-01-16 13:42:00,数码电子,1,2439.51,2024,1,2,周二
U0019,2024-03-06 14:08:00,家居日用,3,436.95,2024,3,3,周三
U0112,2024-09-30 14:52:00,美妆个护,7,2799.09,2024,9,1,周一
U0281,2024-05-02 17:56:00,美妆个护,4,621.96,2024,5,4,周四
U0204,2024-09-14 13:04:00,图书文具,5,1191.15,2024,9,6,周六
U0133,2024-11-19 20:08:00,美妆个护,6,1526.46,2024,11,2,周二
U0208,2024-05-04 17:50:00,数码电子,6,16668.9,2024,5,6,周六
U0191,2024-07-05 22:46:00,食品饮料,3,408.24,2024,7,5,周五
U0132,2024-12-25 18:47:00,服装鞋帽,4,3057.36,2024,12,3,周三
U0034,2024-03-10 18:45:00,服装鞋帽,5,3678.65,2024,3,7,周日
U0095,2024-10-23 08:46:00,图书文具,7,75.25,2024,10,3,周三
U0068,2024-01-28 09:25:00,服装鞋帽,7,6994.68,2024,1,7,周日
U0134,2024-05-08 15:32:00,服装鞋帽,5,564.55,2024,5,3,周三
U0175,2024-07-01 16:42:00,服装鞋帽,5,2652.25,2024,7,1,周一
U0268,2024-04-29 14:16:00,美妆个护,10,2115.8,2024,4,1,周一
U0287,2024-11-11 13:16:00,数码电子,5,3226.2,2024,11,1,周一
U0218,2024-08-28 13:15:00,美妆个护,8,2790.96,2024,8,3,周三
U0035,2024-10-15 09:36:00,美妆个护,10,4051.6,2024,10,2,周二
U0001,2024-11-14 16:33:00,数码电子,4,19623.52,2024,11,4,周四
U0080,2024-06-13 20:59:00,家居日用,1,299.93,2024,6,4,周四
U0282,2024-04-21 10:57:00,家居日用,5,2946.95,2024,4,7,周日
U0058,2024-02-03 14:44:00,服装鞋帽,1,277.34,2024,2,6,周六
U0025,2024-08-21 18:58:00,图书文具,6,37.98,2024,8,3,周三
U0149,2024-03-11 16:28:00,图书文具,5,1061.55,2024,3,1,周一
U0069,2024-03-26 09:34:00,食品饮料,2,274.16,2024,3,2,周二
U0280,2024-11-17 20:53:00,美妆个护,3,436.08,2024,11,7,周日
U0291,2024-06-28 14:59:00,家居日用,2,342.7,2024,6,5,周五
U0154,2024-10-30 15:16:00,食品饮料,8,1277.92,2024,10,3,周三
U0056,2024-05-05 22:58:00,数码电子,3,357.15,2024,5,7,周日
U0167,2024-12-22 16:06:00,家居日用,6,3925.44,2024,12,7,周日
U0203,2024-01-29 17:28:00,食品饮料,4,598.92,2024,1,1,周一
U0211,2024-07-02 22:16:00,食品饮料,1,39.96,2024,7,2,周二
U0265,2024-05-14 10:38:00,图书文具,2,480.14,2024,5,2,周二
U0125,2024-07-22 20:57:00,数码电子,5,24243.6,2024,7,1,周一
U0050,2024-06-12 19:23:00,美妆个护,5,2336.85,2024,6,3,周三
U0140,2024-12-20 20:39:00,图书文具,2,132.58,2024,12,5,周五
U0106,2024-05-16 21:21:00,美妆个护,1,136.66,2024,5,4,周四
U0294,2024-08-30 10:15:00,服装鞋帽,3,2808.6,2024,8,5,周五
U0082,2024-06-02 20:57:00,数码电子,3,6026.82,2024,6,7,周日
U0089,2024-02-27 19:26:00,家居日用,7,1091.09,2024,2,2,周二
U0280,2024-03-12 16:45:00,美妆个护,5,2493.4,2024,3,2,周二
U0152,2024-12-21 15:38:00,图书文具,6,788.76,2024,12,6,周六
U0245,2024-12-30 17:49:00,美妆个护,4,2263.04,2024,12,1,周一
U0017,2024-12-06 16:25:00,服装鞋帽,7,337.89,2024,12,5,周五
U0031,2024-02-16 13:43:00,数码电子,5,20793.3,2024,2,5,周五
U0171,2024-04-25 16:09:00,食品饮料,6,437.22,2024,4,4,周四
U0041,2024-06-29 20:05:00,服装鞋帽,9,13496.13,2024,6,6,周六
U0024,2024-03-20 13:36:00,美妆个护,4,1851.56,2024,3,3,周三
U0166,2024-12-13 08:13:00,图书文具,3,153.36,2024,12,5,周五
U0286,2024-07-03 22:17:00,服装鞋帽,2,1201.12,2024,7,3,周三
U0042,2024-05-18 18:23:00,服装鞋帽,7,4567.22,2024,5,6,周六
U0018,2024-03-17 20:23:00,服装鞋帽,7,8982.61,2024,3,7,周日
U0222,2024-04-01 13:43:00,家居日用,9,3434.31,2024,4,1,周一
U0238,2024-05-14 20:05:00,服装鞋帽,3,3246.06,2024,5,2,周二
U0265,2024-04-21 18:35:00,图书文具,8,1101.76,2024,4,7,周日
U0191,2024-11-20 12:53:00,数码电子,7,20562.5,2024,11,3,周三
U0014,2024-08-18 20:51:00,图书文具,7,910.42,2024,8,7,周日
U0018,2024-02-07 18:00:00,家居日用,3,2393.19,2024,2,3,周三
U0035,2024-08-02 18:59:00,数码电子,4,17776.96,2024,8,5,周五
U0008,2024-09-12 18:15:00,食品饮料,3,236.28,2024,9,4,周四
U0142,2024-09-08 17:46:00,图书文具,10,962.3,2024,9,7,周日
U0051,2024-01-05 20:31:00,食品饮料,6,717.6,2024,1,5,周五
U0008,2024-02-01 15:27:00,图书文具,3,310.44,2024,2,4,周四
U0255,2024-07-30 22:14:00,图书文具,5,103.25,2024,7,2,周二
U0281,2024-08-21 20:43:00,图书文具,1,171.7,2024,8,3,周三
U0136,2024-06-24 21:00:00,数码电子,7,31412.78,2024,6,1,周一
U0177,2024-08-30 14:12:00,食品饮料,8,260.88,2024,8,5,周五
U0185,2024-11-09 10:23:00,食品饮料,8,1198.96,2024,11,6,周六
U0173,2024-08-10 15:48:00,图书文具,7,1353.94,2024,8,6,周六
U0245,2024-11-04 14:26:00,服装鞋帽,6,1022.94,2024,11,1,周一
U0300,2024-01-18 19:19:00,美妆个护,8,3506.64,2024,1,4,周四
U0218,2024-10-04 08:57:00,美妆个护,7,4022.27,2024,10,5,周五
U0077,2024-01-09 15:14:00,家居日用,5,411.35,2024,1,2,周二
U0076,2024-06-12 11:39:00,食品饮料,8,1508.16,2024,6,3,周三
U0155,2024-09-13 11:33:00,家居日用,8,3591.52,2024,9,5,周五
U0259,2024-11-02 22:30:00,图书文具,10,2012.1,2024,11,6,周六
U0123,2024-07-05 13:28:00,食品饮料,5,376.15,2024,7,5,周五
U0125,2024-12-02 12:50:00,数码电子,8,34344.88,2024,12,1,周一
U0039,2024-03-09 19:47:00,美妆个护,9,2703.33,2024,3,6,周六
U0099,2024-01-15 12:12:00,服装鞋帽,7,1823.08,2024,1,1,周一
U0134,2024-01-26 17:47:00,食品饮料,4,325.52,2024,1,5,周五
U0149,2024-01-25 14:14:00,美妆个护,3,1029.27,2024,1,4,周四
U0293,2024-07-03 17:46:00,家居日用,4,3060.56,2024,7,3,周三
U0034,2024-03-16 08:23:00,家居日用,5,553.95,2024,3,6,周六
U0088,2024-08-22 15:06:00,家居日用,6,3927.18,2024,8,4,周四
U0143,2024-08-08 19:47:00,美妆个护,1,259.65,2024,8,4,周四
U0014,2024-10-24 19:15:00,数码电子,4,15486.24,2024,10,4,周四
U0093,2024-04-14 12:51:00,食品饮料,5,691.75,2024,4,7,周日
U0043,2024-05-14 12:41:00,家居日用,5,1292.6,2024,5,2,周二
U0255,2024-08-07 16:53:00,图书文具,4,254.4,2024,8,3,周三
U0195,2024-08-29 12:05:00,服装鞋帽,5,1420.25,2024,8,4,周四
U0212,2024-06-04 17:17:00,服装鞋帽,3,3992.91,2024,6,2,周二
U0256,2024-02-18 08:54:00,数码电子,9,35980.56,2024,2,7,周日
U0015,2024-06-23 10:18:00,家居日用,3,1776.24,2024,6,7,周日
U0159,2024-02-14 18:44:00,服装鞋帽,5,637.25,2024,2,3,周三
U0065,2024-10-08 12:30:00,数码电子,7,28876.26,2024,10,2,周二
U0217,2024-11-15 13:14:00,服装鞋帽,9,6726.78,2024,11,5,周五
U0148,2024-04-14 22:22:00,美妆个护,5,2980.15,2024,4,7,周日
U0147,2024-03-12 13:11:00,数码电子,5,2780.05,2024,3,2,周二
U0060,2024-04-16 19:56:00,服装鞋帽,3,2896.65,2024,4,2,周二
U0060,2024-02-03 20:24:00,家居日用,10,2339.3,2024,2,6,周六
U0275,2024-09-02 22:41:00,图书文具,1,165.05,2024,9,1,周一
U0237,2024-10-17 18:02:00,服装鞋帽,10,7721.7,2024,10,4,周四
U0111,2024-03-30 18:23:00,美妆个护,5,1685.2,2024,3,6,周六
U0098,2024-04-29 12:47:00,食品饮料,10,466.8,2024,4,1,周一
U0044,2024-07-04 19:43:00,图书文具,2,229.16,2024,7,4,周四
U0253,2024-05-11 11:54:00,数码电子,10,44080.9,2024,5,6,周六
U0035,2024-10-01 18:52:00,家居日用,3,1343.37,2024,10,2,周二
U0010,2024-06-14 20:14:00,数码电子,3,14215.47,2024,6,5,周五
U0266,2024-06-23 11:54:00,数码电子,3,1042.08,2024,6,7,周日
U0031,2024-03-14 10:27:00,食品饮料,3,99.15,2024,3,4,周四
U0020,2024-09-25 20:42:00,服装鞋帽,1,525.28,2024,9,3,周三
U0028,2024-09-16 13:21:00,美妆个护,7,903.49,2024,9,1,周一
U0300,2024-06-18 15:32:00,家居日用,2,39.08,2024,6,2,周二
U0074,2024-12-07 08:25:00,服装鞋帽,7,6275.64,2024,12,6,周六
U0227,2024-12-13 16:09:00,图书文具,6,449.94,2024,12,5,周五
U0214,2024-04-17 12:12:00,服装鞋帽,6,777.96,2024,4,3,周三
U0101,2024-08-13 19:59:00,数码电子,10,41730.1,2024,8,2,周二
U0227,2024-12-27 10:07:00,食品饮料,5,903.15,2024,12,5,周五
U0292,2024-12-02 15:20:00,数码电子,1,4715.88,2024,12,1,周一
U0172,2024-01-12 10:56:00,食品饮料,4,186.72,2024,1,5,周五
U0188,2024-01-13 18:07:00,数码电子,8,18385.04,2024,1,6,周六
U0071,2024-03-18 19:01:00,食品饮料,8,704.72,2024,3,1,周一
U0111,2024-10-17 14:45:00,图书文具,2,443.1,2024,10,4,周四
U0067,2024-09-05 22:18:00,数码电子,5,5124.1,2024,9,4,周四
U0284,2024-02-23 17:02:00,家居日用,6,1612.68,2024,2,5,周五
U0047,2024-08-09 12:29:00,家居日用,9,1859.85,2024,8,5,周五
U0235,2024-05-29 12:00:00,美妆个护,5,1255.8,2024,5,3,周三
U0047,2024-07-31 22:38:00,服装鞋帽,6,506.82,2024,7,3,周三
U0192,2024-01-06 12:15:00,数码电子,5,5958.3,2024,1,6,周六
U0232,2024-09-26 19:41:00,图书文具,4,397.04,2024,9,4,周四
U0053,2024-12-30 20:18:00,美妆个护,10,4447.0,2024,12,1,周一
U0227,2024-12-17 17:04:00,食品饮料,6,764.22,2024,12,2,周二
U0256,2024-06-28 11:47:00,数码电子,4,10234.04,2024,6,5,周五
U0001,2024-02-27 20:28:00,服装鞋帽,8,4226.56,2024,2,2,周二
U0103,2024-02-19 13:45:00,家居日用,6,1097.1,2024,2,1,周一
U0296,2024-02-03 19:15:00,美妆个护,7,1771.91,2024,2,6,周六
U0155,2024-03-18 21:43:00,食品饮料,1,143.32,2024,3,1,周一
U0007,2024-06-08 10:38:00,美妆个护,8,4766.64,2024,6,6,周六
U0216,2024-04-13 14:53:00,图书文具,10,1279.2,2024,4,6,周六
U0288,2024-02-14 20:05:00,食品饮料,5,359.45,2024,2,3,周三
U0184,2024-01-27 13:17:00,美妆个护,7,1393.7,2024,1,6,周六
U0104,2024-09-01 08:40:00,家居日用,2,904.52,2024,9,7,周日
U0125,2024-01-25 09:35:00,数码电子,5,23344.55,2024,1,4,周四
U0274,2024-09-10 16:31:00,美妆个护,10,5536.7,2024,9,2,周二
U0013,2024-07-01 08:08:00,家居日用,8,1434.16,2024,7,1,周一
U0019,2024-08-07 21:40:00,图书文具,7,528.08,2024,8,3,周三
U0282,2024-08-19 21:53:00,家居日用,5,1701.1,2024,8,1,周一
U0003,2024-01-28 20:28:00,数码电子,3,10787.85,2024,1,7,周日
U0175,2024-04-23 12:38:00,服装鞋帽,10,1953.8,2024,4,2,周二
U0239,2024-08-21 22:30:00,美妆个护,1,561.27,2024,8,3,周三
U0289,2024-04-06 21:14:00,家居日用,10,157.5,2024,4,6,周六
U0108,2024-08-04 22:03:00,家居日用,2,295.94,2024,8,7,周日
U0056,2024-02-01 19:38:00,家居日用,9,3665.25,2024,2,4,周四
U0200,2024-11-29 08:22:00,美妆个护,7,1459.71,2024,11,5,周五
U0141,2024-05-05 18:03:00,家居日用,2,978.62,2024,5,7,周日
U0078,2024-01-30 20:07:00,家居日用,9,1140.48,2024,1,2,周二
U0050,2024-09-14 14:39:00,图书文具,6,411.66,2024,9,6,周六
U0104,2024-09-10 22:16:00,食品饮料,1,148.32,2024,9,2,周二
U0240,2024-03-29 22:58:00,美妆个护,9,4502.43,2024,3,5,周五
U0166,2024-09-06 14:13:00,图书文具,9,372.78,2024,9,5,周五
U0141,2024-12-21 14:33:00,图书文具,6,1108.74,2024,12,6,周六
U0254,2024-06-28 15:07:00,美妆个护,8,1966.16,2024,6,5,周五
U0034,2024-08-23 22:35:00,家居日用,9,6230.07,2024,8,5,周五
U0022,2024-12-08 15:44:00,服装鞋帽,6,7459.86,2024,12,7,周日
U0013,2024-01-28 17:19:00,食品饮料,7,42.28,2024,1,7,周日
U0263,2024-06-14 12:03:00,数码电子,10,28318.1,2024,6,5,周五
U0178,2024-12-08 13:59:00,服装鞋帽,9,8929.89,2024,12,7,周日
U0089,2024-05-04 08:20:00,食品饮料,7,289.94,2024,5,6,周六
U0150,2024-12-28 14:48:00,家居日用,1,321.24,2024,12,6,周六
U0020,2024-10-15 16:43:00,家居日用,6,3318.12,2024,10,2,周二
U0173,2024-12-28 16:24:00,数码电子,3,14147.76,2024,12,6,周六
U0273,2024-06-27 20:03:00,家居日用,5,703.2,2024,6,4,周四
U0273,2024-06-16 20:51:00,数码电子,5,1270.4,2024,6,7,周日
U0061,2024-04-30 22:33:00,图书文具,1,161.98,2024,4,2,周二
U0020,2024-11-10 12:22:00,食品饮料,6,1115.16,2024,11,7,周日
U0145,2024-02-26 10:32:00,食品饮料,6,151.44,2024,2,1,周一
U0110,2024-05-17 10:18:00,服装鞋帽,7,5699.96,2024,5,5,周五
U0042,2024-08-06 16:33:00,家居日用,8,803.84,2024,8,2,周二
U0263,2024-04-21 20:06:00,数码电子,4,14262.16,2024,4,7,周日
U0246,2024-01-19 16:19:00,数码电子,2,1163.78,2024,1,5,周五
U0081,2024-05-29 20:11:00,数码电子,1,769.17,2024,5,3,周三
U0264,2024-05-28 13:17:00,数码电子,9,1787.4,2024,5,2,周二
U0026,2024-12-15 19:35:00,数码电子,2,9282.86,2024,12,7,周日
U0183,2024-12-28 09:53:00,图书文具,8,1398.32,2024,12,6,周六
U0081,2024-09-01 09:31:00,图书文具,7,489.51,2024,9,7,周日
U0087,2024-04-08 14:14:00,美妆个护,8,3755.44,2024,4,1,周一
U0080,2024-01-16 15:38:00,图书文具,2,172.9,2024,1,2,周二
U0108,2024-10-29 18:08:00,数码电子,1,3770.81,2024,10,2,周二
U0165,2024-12-07 10:23:00,数码电子,7,1913.24,2024,12,6,周六
U0141,2024-12-08 13:31:00,美妆个护,2,907.38,2024,12,7,周日
U0118,2024-01-05 19:31:00,服装鞋帽,5,2934.8,2024,1,5,周五
U0124,2024-05-25 12:53:00,数码电子,8,35003.36,2024,5,6,周六
U0116,2024-07-06 16:58:00,图书文具,4,930.44,2024,7,6,周六
U0070,2024-12-16 10:38:00,数码电子,7,5042.24,2024,12,1,周一
U0002,2024-05-31 08:44:00,食品饮料,6,290.52,2024,5,5,周五
U0109,2024-11-11 14:49:00,美妆个护,7,1109.92,2024,11,1,周一
U0112,2024-11-16 18:47:00,图书文具,3,584.85,2024,11,6,周六
U0055,2024-04-17 22:01:00,美妆个护,1,530.54,2024,4,3,周三
U0160,2024-06-14 20:10:00,数码电子,10,35635.3,2024,6,5,周五
U0209,2024-01-17 11:04:00,家居日用,7,3826.27,2024,1,3,周三
U0138,2024-06-22 19:32:00,服装鞋帽,10,7283.7,2024,6,6,周六
U0285,2024-01-27 09:39:00,家居日用,10,1667.1,2024,1,6,周六
U0069,2024-01-21 15:37:00,服装鞋帽,8,4416.32,2024,1,7,周日
U0229,2024-05-04 09:01:00,食品饮料,10,1019.4,2024,5,6,周六
U0042,2024-10-02 08:03:00,美妆个护,10,1420.7,2024,10,3,周三
U0217,2024-10-31 19:36:00,数码电子,9,5271.48,2024,10,4,周四
U0275,2024-07-24 15:16:00,家居日用,3,1974.48,2024,7,3,周三
U0107,2024-11-23 08:44:00,美妆个护,4,708.52,2024,11,6,周六
U0024,2024-01-28 21:42:00,食品饮料,5,611.35,2024,1,7,周日
U0218,2024-11-02 15:12:00,服装鞋帽,1,311.5,2024,11,6,周六
U0118,2024-06-02 08:55:00,数码电子,9,32565.78,2024,6,7,周日
U0115,2024-01-13 12:40:00,美妆个护,1,492.24,2024,1,6,周六
U0047,2024-09-16 11:51:00,数码电子,9,37748.07,2024,9,1,周一
U0155,2024-09-04 19:51:00,服装鞋帽,1,637.41,2024,9,3,周三
U0143,2024-10-18 21:55:00,图书文具,3,372.87,2024,10,5,周五
U0110,2024-03-07 21:21:00,服装鞋帽,3,2661.12,2024,3,4,周四
U0010,2024-12-20 10:31:00,服装鞋帽,6,4915.2,2024,12,5,周五
U0168,2024-04-18 19:41:00,服装鞋帽,4,3248.84,2024,4,4,周四
U0182,2024-05-26 18:11:00,服装鞋帽,6,4134.6,2024,5,7,周日
U0219,2024-10-23 16:41:00,服装鞋帽,3,3430.41,2024,10,3,周三
U0151,2024-06-24 10:41:00,服装鞋帽,8,462.0,2024,6,1,周一
U0155,2024-10-03 19:47:00,数码电子,6,21049.5,2024,10,4,周四
U0214,2024-05-25 22:59:00,美妆个护,5,678.2,2024,5,6,周六
U0232,2024-11-11 19:22:00,家居日用,3,1825.05,2024,11,1,周一
U0038,2024-03-23 18:24:00,图书文具,4,555.44,2024,3,6,周六
U0015,2024-09-15 17:14:00,食品饮料,3,188.43,2024,9,7,周日
U0133,2024-11-20 17:13:00,数码电子,10,34034.6,2024,11,3,周三
U0016,2024-11-29 12:55:00,食品饮料,4,246.44,2024,11,5,周五
U0248,2024-09-29 22:35:00,图书文具,4,1132.64,2024,9,7,周日
U0240,2024-11-13 16:47:00,数码电子,9,33074.01,2024,11,3,周三
U0004,2024-02-13 15:41:00,家居日用,2,829.0,2024,2,2,周二
U0174,2024-09-11 09:32:00,美妆个护,6,3259.8,2024,9,3,周三
U0230,2024-03-07 19:35:00,食品饮料,4,637.12,2024,3,4,周四
U0149,2024-01-27 18:07:00,美妆个护,10,3062.5,2024,1,6,周六
U0278,2024-01-17 14:42:00,家居日用,5,1431.95,2024,1,3,周三
U0001,2024-10-24 11:23:00,美妆个护,8,3805.92,2024,10,4,周四
U0008,2024-01-27 11:17:00,服装鞋帽,6,4580.04,2024,1,6,周六
U0005,2024-03-22 10:26:00,图书文具,1,293.32,2024,3,5,周五
U0115,2024-09-19 09:13:00,图书文具,8,844.0,2024,9,4,周四
U0112,2024-02-12 18:28:00,食品饮料,5,231.0,2024,2,1,周一
U0117,2024-03-10 09:05:00,图书文具,4,838.76,2024,3,7,周日
U0089,2024-05-16 15:02:00,数码电子,4,17621.08,2024,5,4,周四
U0057,2024-06-29 13:15:00,服装鞋帽,10,3657.6,2024,6,6,周六
U0055,2024-09-13 17:27:00,美妆个护,10,3176.7,2024,9,5,周五
U0187,2024-12-29 13:07:00,数码电子,1,983.67,2024,12,7,周日
U0211,2024-01-25 13:20:00,家居日用,3,1932.36,2024,1,4,周四
U0066,2024-02-22 17:31:00,家居日用,7,1130.5,2024,2,4,周四
U0104,2024-11-28 19:07:00,数码电子,3,6230.31,2024,11,4,周四
U0210,2024-08-24 11:48:00,服装鞋帽,9,7917.93,2024,8,6,周六
U0199,2024-03-11 11:06:00,服装鞋帽,10,5285.2,2024,3,1,周一
U0213,2024-06-29 21:36:00,食品饮料,8,629.76,2024,6,6,周六
U0249,2024-05-05 18:53:00,食品饮料,4,400.92,2024,5,7,周日
U0176,2024-07-29 17:02:00,服装鞋帽,3,2559.12,2024,7,1,周一
U0081,2024-05-17 08:21:00,图书文具,1,162.77,2024,5,5,周五
U0230,2024-12-10 13:56:00,家居日用,1,56.85,2024,12,2,周二
U0135,2024-01-29 20:12:00,服装鞋帽,2,837.34,2024,1,1,周一
U0134,2024-10-27 14:04:00,数码电子,1,4921.76,2024,10,7,周日
U0025,2024-11-11 18:20:00,家居日用,10,570.1,2024,11,1,周一
U0210,2024-02-26 16:10:00,图书文具,1,82.61,2024,2,1,周一
U0293,2024-12-05 19:53:00,图书文具,6,214.92,2024,12,4,周四
U0279,2024-12-05 20:46:00,家居日用,9,4090.32,2024,12,4,周四
U0242,2024-06-29 21:51:00,食品饮料,4,712.28,2024,6,6,周六
U0214,2024-05-29 18:55:00,家居日用,10,3103.5,2024,5,3,周三
U0021,2024-08-06 08:32:00,数码电子,10,33258.6,2024,8,2,周二
U0036,2024-05-11 11:25:00,家居日用,1,764.16,2024,5,6,周六
U0115,2024-10-27 11:04:00,美妆个护,7,1426.39,2024,10,7,周日
U0072,2024-10-30 21:32:00,家居日用,6,2874.96,2024,10,3,周三
U0208,2024-09-19 10:00:00,食品饮料,2,51.32,2024,9,4,周四
U0175,2024-05-31 19:09:00,食品饮料,3,77.22,2024,5,5,周五
U0238,2024-07-17 11:15:00,美妆个护,8,3118.8,2024,7,3,周三
U0276,2024-08-26 12:44:00,图书文具,5,886.25,2024,8,1,周一
U0107,2024-10-21 13:20:00,美妆个护,2,1142.62,2024,10,1,周一
U0012,2024-07-27 12:45:00,图书文具,7,87.5,2024,7,6,周六
U0065,2024-04-11 10:36:00,家居日用,2,1123.18,2024,4,4,周四
U0209,2024-03-24 17:28:00,数码电子,1,1126.37,2024,3,7,周日
U0116,2024-09-25 19:46:00,服装鞋帽,6,839.28,2024,9,3,周三
U0077,2024-07-22 19:27:00,数码电子,5,9097.7,2024,7,1,周一
U0290,2024-02-27 21:51:00,美妆个护,3,452.7,2024,2,2,周二
U0289,2024-03-15 16:13:00,食品饮料,7,132.37,2024,3,5,周五
U0221,2024-06-12 14:54:00,家居日用,2,89.66,2024,6,3,周三
U0215,2024-03-26 17:41:00,家居日用,8,699.36,2024,3,2,周二
U0065,2024-05-25 09:29:00,图书文具,2,156.6,2024,5,6,周六
U0094,2024-04-15 12:49:00,美妆个护,10,5030.1,2024,4,1,周一
U0008,2024-06-07 19:20:00,图书文具,10,1881.5,2024,6,5,周五
U0168,2024-07-11 18:14:00,数码电子,1,556.85,2024,7,4,周四
U0258,2024-03-05 22:43:00,图书文具,6,1292.04,2024,3,2,周二
U0209,2024-10-12 17:34:00,数码电子,5,10283.75,2024,10,6,周六
U0297,2024-06-19 12:12:00,数码电子,10,40308.0,2024,6,3,周三
U0088,2024-01-27 13:03:00,图书文具,8,1906.8,2024,1,6,周六
U0074,2024-03-06 15:05:00,数码电子,1,3553.92,2024,3,3,周三
U0215,2024-12-31 21:57:00,美妆个护,10,1603.1,2024,12,2,周二
U0141,2024-03-16 16:03:00,美妆个护,6,272.76,2024,3,6,周六
U0061,2024-11-30 09:03:00,服装鞋帽,4,1327.56,2024,11,6,周六
U0008,2024-02-14 15:52:00,家居日用,7,647.15,2024,2,3,周三
U0193,2024-12-02 12:37:00,数码电子,9,41499.9,2024,12,1,周一
U0277,2024-04-03 22:50:00,食品饮料,5,401.8,2024,4,3,周三
U0163,2024-10-01 21:47:00,图书文具,1,19.04,2024,10,2,周二
U0173,2024-10-01 12:01:00,数码电子,7,9898.07,2024,10,2,周二
U0259,2024-07-23 17:18:00,数码电子,3,7331.37,2024,7,2,周二
U0017,2024-10-22 17:01:00,家居日用,7,2151.45,2024,10,2,周二
U0149,2024-02-04 08:28:00,美妆个护,5,1642.65,2024,2,7,周日
U0076,2024-06-24 17:14:00,美妆个护,8,2770.88,2024,6,1,周一
U0234,2024-09-08 14:57:00,服装鞋帽,2,855.12,2024,9,7,周日
U0073,2024-11-25 11:58:00,服装鞋帽,9,8211.33,2024,11,1,周一
U0206,2024-02-13 18:32:00,家居日用,6,3769.74,2024,2,2,周二
U0083,2024-11-28 18:25:00,图书文具,5,651.85,2024,11,4,周四
U0130,2024-06-23 19:29:00,服装鞋帽,7,5113.08,2024,6,7,周日
U0095,2024-10-05 20:16:00,家居日用,9,6591.69,2024,10,6,周六
U0013,2024-01-03 17:25:00,数码电子,3,299.55,2024,1,3,周三
U0241,2024-02-04 21:02:00,美妆个护,2,929.92,2024,2,7,周日
U0003,2024-06-27 15:03:00,家居日用,3,1290.81,2024,6,4,周四
U0116,2024-02-21 15:10:00,服装鞋帽,6,8698.68,2024,2,3,周三
U0238,2024-01-10 15:45:00,数码电子,6,25832.04,2024,1,3,周三
U0230,2024-05-07 15:57:00,美妆个护,2,618.66,2024,5,2,周二
U0036,2024-11-22 11:24:00,服装鞋帽,10,10797.1,2024,11,5,周五
U0261,2024-04-19 12:57:00,家居日用,8,3585.68,2024,4,5,周五
U0026,2024-09-18 19:35:00,家居日用,3,2025.6,2024,9,3,周三
U0229,2024-10-01 09:15:00,服装鞋帽,5,4721.45,2024,10,2,周二
U0126,2024-09-11 15:37:00,家居日用,9,6004.26,2024,9,3,周三
U0191,2024-10-24 13:13:00,美妆个护,9,5049.09,2024,10,4,周四
U0165,2024-08-29 11:01:00,服装鞋帽,10,11596.5,2024,8,4,周四
U0196,2024-12-23 19:18:00,数码电子,1,395.96,2024,12,1,周一
U0009,2024-09-05 12:08:00,服装鞋帽,7,7678.16,2024,9,4,周四
U0119,2024-02-10 22:01:00,服装鞋帽,8,7696.48,2024,2,6,周六
U0134,2024-06-29 11:38:00,服装鞋帽,8,9248.48,2024,6,6,周六
U0107,2024-10-16 16:52:00,服装鞋帽,8,9575.52,2024,10,3,周三
U0210,2024-10-22 21:38:00,家居日用,5,1670.55,2024,10,2,周二
U0209,2024-11-09 11:44:00,食品饮料,2,309.68,2024,11,6,周六
U0027,2024-10-14 08:16:00,食品饮料,9,1384.02,2024,10,1,周一
U0032,2024-02-14 16:29:00,家居日用,6,4178.82,2024,2,3,周三
U0249,2024-09-17 22:34:00,家居日用,1,630.06,2024,9,2,周二
U0222,2024-05-31 11:49:00,图书文具,9,1531.53,2024,5,5,周五
U0202,2024-05-14 17:12:00,家居日用,2,863.08,2024,5,2,周二
U0142,2024-07-28 15:31:00,服装鞋帽,10,13203.7,2024,7,7,周日
U0071,2024-07-22 16:02:00,数码电子,4,5638.8,2024,7,1,周一
U0079,2024-04-05 20:09:00,美妆个护,6,810.48,2024,4,5,周五
U0157,2024-04-25 10:17:00,数码电子,9,34804.08,2024,4,4,周四
U0240,2024-02-25 22:38:00,家居日用,1,486.87,2024,2,7,周日
U0278,2024-04-09 21:12:00,食品饮料,7,524.37,2024,4,2,周二
U0032,2024-12-01 10:14:00,数码电子,4,16502.28,2024,12,7,周日
U0063,2024-03-16 19:00:00,美妆个护,1,69.14,2024,3,6,周六
U0183,2024-08-30 16:49:00,家居日用,7,5068.98,2024,8,5,周五
U0154,2024-09-01 19:06:00,图书文具,6,1568.76,2024,9,7,周日
U0130,2024-05-06 20:54:00,图书文具,5,1277.35,2024,5,1,周一
U0262,2024-08-31 17:38:00,食品饮料,5,442.15,2024,8,6,周六
U0008,2024-08-18 20:12:00,服装鞋帽,10,7897.5,2024,8,7,周日
U0083,2024-10-14 13:01:00,家居日用,7,391.65,2024,10,1,周一
U0289,2024-12-09 09:29:00,食品饮料,8,922.56,2024,12,1,周一
U0127,2024-08-01 12:47:00,服装鞋帽,10,4400.8,2024,8,4,周四
U0063,2024-02-17 14:47:00,美妆个护,8,3927.04,2024,2,6,周六
U0284,2024-03-20 11:15:00,美妆个护,10,3525.0,2024,3,3,周三
U0282,2024-01-28 16:12:00,美妆个护,4,1041.2,2024,1,7,周日
U0076,2024-09-01 17:56:00,图书文具,3,762.78,2024,9,7,周日
U0144,2024-11-13 11:31:00,食品饮料,6,912.48,2024,11,3,周三
U0158,2024-09-05 17:33:00,图书文具,6,1707.66,2024,9,4,周四
U0252,2024-01-15 09:47:00,美妆个护,5,159.4,2024,1,1,周一
U0253,2024-07-04 18:34:00,家居日用,2,1599.22,2024,7,4,周四
U0041,2024-02-17 22:35:00,家居日用,1,91.4,2024,2,6,周六
U0128,2024-07-28 14:59:00,数码电子,9,30616.02,2024,7,7,周日
U0039,2024-08-27 20:13:00,食品饮料,8,1345.76,2024,8,2,周二
U0269,2024-11-30 15:52:00,家居日用,6,4390.8,2024,11,6,周六
U0249,2024-04-20 21:25:00,服装鞋帽,10,3994.2,2024,4,6,周六
U0092,2024-07-30 18:57:00,数码电子,7,23458.26,2024,7,2,周二
U0211,2024-12-03 08:26:00,图书文具,10,1672.4,2024,12,2,周二
U0028,2024-04-26 20:49:00,数码电子,5,8585.6,2024,4,5,周五
U0202,2024-02-28 09:14:00,食品饮料,5,846.9,2024,2,3,周三
U0035,2024-06-10 12:21:00,服装鞋帽,4,3527.44,2024,6,1,周一
U0182,2024-05-26 13:47:00,服装鞋帽,7,4844.42,2024,5,7,周日
U0145,2024-02-11 22:28:00,图书文具,1,258.01,2024,2,7,周日
U0189,2024-12-25 14:54:00,家居日用,2,298.32,2024,12,3,周三
U0014,2024-05-02 10:30:00,图书文具,9,2538.9,2024,5,4,周四
U0083,2024-02-13 11:47:00,食品饮料,6,882.96,2024,2,2,周二
U0267,2024-10-13 18:55:00,图书文具,8,606.72,2024,10,7,周日
U0021,2024-04-19 21:09:00,数码电子,8,37479.36,2024,4,5,周五
U0290,2024-09-07 22:15:00,食品饮料,7,825.86,2024,9,6,周六
U0241,2024-11-15 09:44:00,食品饮料,10,722.3,2024,11,5,周五
U0107,2024-03-09 08:19:00,图书文具,8,1265.36,2024,3,6,周六
U0081,2024-04-17 08:02:00,图书文具,10,1888.3,2024,4,3,周三
U0043,2024-07-05 21:07:00,美妆个护,3,104.28,2024,7,5,周五
U0004,2024-04-30 20:19:00,服装鞋帽,5,3573.4,2024,4,2,周二
U0276,2024-05-31 11:33:00,数码电子,6,15945.06,2024,5,5,周五
U0146,2024-09-08 14:52:00,数码电子,8,28230.56,2024,9,7,周日
U0173,2024-05-20 13:19:00,美妆个护,4,1248.28,2024,5,1,周一
U0147,2024-06-13 17:53:00,图书文具,4,1179.88,2024,6,4,周四
U0231,2024-08-15 09:26:00,服装鞋帽,1,1365.97,2024,8,4,周四
U0024,2024-09-27 22:13:00,图书文具,6,1297.62,2024,9,5,周五
U0274,2024-10-02 10:16:00,家居日用,9,7047.72,2024,10,3,周三
U0180,2024-04-06 22:09:00,食品饮料,1,52.04,2024,4,6,周六
U0210,2024-04-25 14:33:00,美妆个护,7,1511.3,2024,4,4,周四
U0182,2024-05-27 13:46:00,家居日用,7,2900.8,2024,5,1,周一
U0067,2024-10-16 08:45:00,食品饮料,3,181.65,2024,10,3,周三
U0015,2024-04-30 21:01:00,食品饮料,2,301.34,2024,4,2,周二
U0277,2024-01-27 09:32:00,图书文具,8,75.92,2024,1,6,周六
U0239,2024-01-13 21:55:00,数码电子,8,24189.28,2024,1,6,周六
U0028,2024-11-15 14:17:00,食品饮料,7,663.32,2024,11,5,周五
U0260,2024-12-09 11:45:00,数码电子,6,27476.46,2024,12,1,周一
U0197,2024-06-20 20:28:00,家居日用,2,840.46,2024,6,4,周四
U0281,2024-11-03 11:20:00,数码电子,7,8673.84,2024,11,7,周日
U0294,2024-02-21 15:07:00,家居日用,5,1067.75,2024,2,3,周三
U0035,2024-07-19 16:34:00,家居日用,7,4649.19,2024,7,5,周五
U0083,2024-02-17 13:58:00,食品饮料,4,335.6,2024,2,6,周六
U0064,2024-01-08 13:24:00,数码电子,3,3528.24,2024,1,1,周一
U0198,2024-04-03 22:50:00,美妆个护,2,839.98,2024,4,3,周三
U0075,2024-04-13 13:39:00,数码电子,3,6252.18,2024,4,6,周六
U0273,2024-05-14 13:39:00,家居日用,3,2042.43,2024,5,2,周二
U0036,2024-11-15 22:24:00,食品饮料,2,18.44,2024,11,5,周五
U0065,2024-08-15 09:07:00,家居日用,5,3720.65,2024,8,4,周四
U0181,2024-03-25 18:18:00,服装鞋帽,2,1592.52,2024,3,1,周一
